,Unnamed: 0,text,text_count
0,0,Biënnale van Venetië 2017 Vijf kunstenaars hopen het Nederlands Biënnalepaviljoen in te richten.  Bijna allemaal laten ze het publiek actief meedoen,1
1,5,"Beelden detoneren in barok plezierbos Oude Warande Op zonnige dagen wordt de Oude Warande, een park net buiten Tilburg, overspoeld door dagjesmensen.  Er wordt gepicknickt op de grasvelden, honden nemen een duik in de vennetjes en kinderen leren fietsen op de rechte paden die het park doorkruisen",1
2,10,"'Bompakketje' Namibië was veiligheidstest Een verdacht pakketje dat onderweg was naar Duitsland en woensdag werd gevonden op een vliegveld in Namibië, was een nepbom bedoeld om de veiligheid van de luchthaven te testen.  Het ",1
3,15,Hamas mag in Rusland op bezoek komen .  Tot ontsteltenis van Israël heeft de Russische president Poetin gisteren aangekondigd de moslimfundamentalistische organisatie Hamas te zullen uitnodigen voor besprekingen in Moskou,1
4,20,Helft van de daders aanslagen heeft crimineel verleden Foto Emilio Morenatti/AP Barcelona is de laatst getroffen stad in een reeks terroristische aanslagen.  Sympathisanten van Islamtische Staat pleegden alleen al in de afgelopen 12 maanden veertien aanslagen in Europese steden,1
5,25,De 32-jarige man die de politie gisteravond heeft opgepakt in verband met de schietpartij en bomaanslag in Noorwegen wordt in verband gebracht met rechtsextremisme en publiceerde op internet veelvuldig kritisch over de islam.  Dat melden Noorse media,1
6,31,Een 29-jarige arrestant uit Den Haag is gisteravond op weg naar het politiebureau overleden.  De man werd onwel terwijl hij geboeid op de achterbank van de politieauto lag en overleed daar,1
7,35,Zelfrijdende auto’s De Duitse auto-industrie reageerde traag op de omwentelingen in de sector.  Samenwerking moet leiden tot een inhaalslag,1
8,40,"Wegener: nog geen winst met tv-zenders APELDOORN, 19 MAART.  Mediabedrijf Wegener Arcade verwacht dat de nieuwe televisiezenders TV10 Gold en The Music Factory dit jaar nog niet zullen bijdragen aan de resultaten van het concern",1
9,45,"Vangnet Nederland De sociale zekerheid in Nederland is een kostbare verworvenheid.  Letterlijk én figuurlijk, zo blijkt uit de inzendingen voor de essayprijs- vraag die deze krant samen met de Stichting Sociale Zekerheid 2001 organiseerde",1
10,50,"De Achterpagina bezoekt bijzondere kleedkamers.  Vandaag het mooiste voetbalstadion van Nederland, De Kuip in Rotterdam, thuishaven van Feyenoord",1
11,55,Van koffie tot heroïne Screenshot '100 Years Of Drugs In America: From Coffee To Heroin' Van koffie tot heroïne: in drie minuten zet dit filmpje de verslavingen van Amerikanen in de afgelopen 100 jaar op een rij.  Het begint braaf in de Verenigde Staten: in 1912 klaagt de Amerikaanse overheid Coca Cola aan voor het toevoegen van cafeïne aan hun dranken,1
12,60,"Identiteit Laat biologie niet je identiteit bepalen, schrijft Sophie Rutenfrans.  Immers, je cyclus bepaalt niet wie je bent",1
13,65,"Een paar weken geleden, op één van de eerste zomerdagen, maakten mijn dochter en ik een tochtje door de stad op een waterfiets.  Vertrekkend vanaf het waterfietsstation tegenover het Américain, passeerden wij de duiven die onder de brug bij de Leidsegracht zaten te broeden",1
14,70,KPN laat Duitse markt schieten KPN verdient miljarden met de verkoop van het Duitse dochterbedrijf E-Plus.  De koper Telefónica moet de strijd nu aangaan met grote Duitse concurrenten,1
15,75,Opnieuw strijd om Eksit – al is de poptempel al 34 jaar dicht Over het fameuze Rotterdamse jongerencentrum (1970-1981) is een historiografische controverse ontbrand door het boek Eksit van journalist Kees Vermeer.  De Sex Pistols op 14 december 1977 tijdens een historisch en volledig uitverkocht optreden in Eksit,1
16,80,Aidsvoorlichting voor vrachtwagenchauffeurs; Verhalenbundel van allochtone schrijvers Het land in mij.  Nieuwe verhalen van jonge schrijvers op de grens van twee werelden,1
18,90,"Een paar dagen nadat de dappere Amerikanen Spencer Stone, Anthony Sadler en Alek Skarlatos, en de Brit Chris Norman in de Thalys naar Parijs een zwaar bewapende terreurboef hadden bedwongen, verschenen er op de televisie beelden van zo’n trein die op het Centraal Station op het punt stond te vertrekken.  Worden de passagiers daar nu ook elektronisch bekeken, jasje uittrekken, broekriem afdoen, poortje door, laptop openen, enz",1
19,95,Zware gevechten PKK en Turkse leger in N-Irak Rebellen van de Koerdische Arbeiderspartij PKK en het Turkse leger hebben afgelopen weekeinde zware gevechten geleverd in Noord-Irak.  De PKK zegt zaterdag een Turkse gevechtshelikopter te hebben neergeschoten bij de Iraaks-Turkse grens,1
20,100,"Chiracs economisch beleid loopt steeds verder vast PARIJS, 5 NOV.  De Franse president Chirac hoorde gisteren aan de Rivièra welwillend het pleidooi van de Spaanse premier Aznar aan om mee te kunnen doen met de eerste ploeg landen die in 1999 de Economische en Monetaire Unie binnengaat",1
21,105,"Oranje kiest voor aanval tegen Denen Bondscoach Frank Rijkaard brengt vanavond in de oefeninterland tegen Denemarken een zeer offensief elftal in het veld.  In de spits keert Nederlands duurste voetballer aller tijden, Jerrel Hasselbaink, terug",1
23,115,"Stayer De Jong toont vormbehoud tijdens gedevalueerde strijd GRONINGEN, 12 FEBR.  Rintje Ritsma, Gianni Romme en Bob de Jong zijn afgelopen weekeinde in Groningen op de NK afstanden kampioen op respectievelijk de 1",1
24,120,Zomaar een nieuwsbericht van deze maand: Hillary Clinton bleek een privé-adres te hebben gebruikt voor e-mails over onder andere de aanval op de Amerikaanse ambassade in Benghazi in 2011.  Een commissie eiste de openbaarmaking van die mails,1
25,125,"Lener van laatste instantie zoekt nieuwe rol Het Internationaal Monetair Fonds heeft een nieuwe vijand: marginalisering.  In de sterk veranderde wereldeconomie moet het IMF op zoek naar een nieuwe rol, nu minder landen een beroep doen op het fonds",1
26,130,"Kerry: wel steun VS aan Irak, maar geen troepen De Amerikaanse minister van Buitenlandse Zaken John Kerry spreekt met de pers na een ontmoeting met de Palestijnse president Mahmoud Abbas Foto AP/ Brendan Smialowski De Verenigde Staten zullen Irak steunen in zijn gevecht tegen de militanten gelieerd aan Al-Qaeda die momenteel de macht hebben gegrepen in steden in het westen van het land, maar zullen geen troepen sturen.  “Het is hun gevecht”, zei de Amerikaanse minister van Buitenlandse Zaken John Kerry vanochtend in reactie op de gebeurtenissen, meldt persbureau AP",1
27,135,"Zuid-Korea beschuldigt noorden van moorden SEOUL, 9 OKT.  Het Zuidkoreaanse ministerie van Defensie heeft Noord-Korea beschuldigd verantwoordelijk te zijn voor de dood van drie mensen in een oostelijk berggebied in het land",1
28,140,"Vroeger werd gedacht dat onze hersenen vooral rijpen voor de geboorte en in de eerste levensmaanden.  Maar niets is minder waar, zegt ontwikkelingspsycholoog dr",1
29,146,Britse luchtmachtpiloot overlijdt na crash bij vliegshow Hulpverleningsauto's waren vanmiddag op weg naar de plek van de crash bij Bournemouth.  Foto AP ,1
30,150,"Socialer kabinet, maar niet radicaal Het nieuwe kabinet wil veel gaan verspijkeren in de staatshuishouding.  Met veel aandacht voor oude wijken, zorg en onderwijs",1
31,155,Forum Barcelona voor vrede etcetera Het zomerfestival Forum 2004 in Barcelona moet een cultureel spektakel worden.  Maar stadspromotie en stadsontwikkeling overheersen,1
32,160,"Schikking is dankbare munitie De Nederlandse justitie heeft haar onderzoek naar Ahold afgesloten.  Het juridische gevecht wordt scherper, de afstand tussen ex-bestuurders en bedrijf groter",1
33,165,"Nu valt het wel mee met de uniformiteit van die sleetse parade.  Het recentste jaarboek is zelfs een kleine revolutie, want voor het eerst is het nieuwe traditionalisme, dat Nederland heeft overspoeld, sterk vertegenwoordigd",1
36,180,"Verzekeraar ASR wil uitvoeringsinstelling ROTTERDAM, 19 AUG.  De middelgrote verzekeraar ASR (voorheen Stad Rotterdam) is van plan een eigen uitvoeringsinstelling (uvi) voor werknemersverenigingen op te richten",1
37,185,Internationale waarnemers hebben op een nieuwe locatie uraniumdeeltjes aangetroffen in Iran.  Israël en de VS zeggen al langer dat Teheran zich niet aan de afspraken van het atoomakkoord houdt,1
40,200,"Uitglijder OM-topman in mediahype Harm Brouwer, de baas van het openbaar ministerie, deed in een tv-interview curieuze uitspraken.  Daar komt hij van terug: „Ik ben eerlijk en zeg ronduit: de fout lag bij mij",1
41,205,"In iedereen schuilt een Lucifer Misschien is de verbeelding van ‘de banaliteit van het kwaad’ wel de grootste uitdaging van de literatuur.  Maar dat het raadsel van het kwaad wordt opgelost, daarvoor hoeft niemand bang te zijn, stelt Arnold Heumakers vast na lezing van ‘Ästhetik des Bösen’",1
42,210,`Laat eigen net voor publieke omroepen los' Programma's van publieke omroepen moeten voortaan op alle drie de netten kunnen worden uitgezonden.  Omroepen hebben dan geen eigen net meer,1
43,215,In Greendale gebeurt nooit wat Vorig jaar maakte Neil Young een veelgeroemd conceptalbum over het fictieve dorpje Greendale.  De muziek heeft hij nu van film voorzien,1
45,225,"Berlusconi moet aartsrivaal betalen De Italiaanse premier Silvio Berlusconi moet een schadevergoeding van 560 miljoen euro betalen aan zijn zakelijke aartsrivaal Carlo De Benedetti.  De rechtbank in Milaan bevestigde daarmee dat de Italiaanse premier in 1991 een rechter heeft omgekocht, om zich Mondadori toe te eigenen, de grootste uitgeverij Italië",1
46,230,"Een meerderheid van de burgers in de wereld heeft geen vertrouwen in politieke leiders.  Dit blijkt uit de Gallup-enquête `De stem van het volk', die is uitgevoerd in opdracht van het Wereld Economisch Forum",1
47,235,De olympische lobby kent geen grenzen In Kopenhagen wordt morgen besloten welke stad de Olympische Spelen van 2016 mag organiseren.  Chicago is favoriet,1
48,240,"Clinton had bloedprop achter rechteroor, zal ‘volledig herstellen’ Clinton in juli van dit jaar.  Foto AFP / Karen Bleier De bloedprop die gevonden is bij Hillary Clinton zit tussen haar hersenen en schedel, achter het rechteroor",1
49,245,"Het was een slecht jaar voor de Europese banken, maar gelukkig ook weer niet zo heel slecht.  Geen enkele beursgenoteerde bank viel om, hoewel twee Duitse banken, Schmidt Bank en Bankgesellschaft Berlin, op de rand van de afgrond stonden",1
51,255,"Wat rechercheurs niet lukte, kreeg tolk voor elkaar (Gerectificeerd) Een politietolk werkte mee aan grote onderzoeken naar Turkse georganiseerde misdaad.  Zelfs nadat hij door de AIVD was bestempeld als onbetrouwbaar",1
52,260,"Doden door Zweedse band Het gebruik van de Zweedse band (vastbinden) in de gehandicaptenzorg is ,, beneden de maat''",1
53,265,"Goed hoor, dat je hardloopt.  Maar je baas wordt gek van de blessures Ziekteverzuim is te makkelijk in Nederland, zo vindt Kamerlid Anoushka Schut-Welkzijn (VVD)",1
54,270,Duitsland Binnen een week werden bij de Duitse natuurorganisatie Nabu 20. 000 dode of zieke pimpelmezen geregistreerd,1
55,275,"Banken benaderen klanten actief om hypotheek open te breken Om te voorkomen dat klanten weglopen, bieden banken klanten actief aan om de rente op hun hypotheek te verlagen.  Dat melden diverse hypotheekverstrekkers desgevraagd",1
56,280,"Adviesraad kraakt energiebeleid Rijk Het Nederlandse energiebeleid faalt door een gebrek aan visie bij de overheid.  De situatie is zorgelijk, zo stelt de Raad voor Ruimtelijk, Milieu- en Natuuronderzoek (RMNO)",1
58,286,"AZ en Ajax verkleinen achterstand AZ is dankzij een gemakkelijke overwinning op FC Twente dit weekeinde twee punten ingelopen op lijstaanvoerder PSV, dat gelijkspeelde bij Feyenoord.  De Alkmaarse voetbalploeg, tweede in de competitie, wist zoals zo vaak dit seizoen ",1
59,290,Endemol lijft weer tv-maker in VS in Endemol breidt opnieuw uit in de Verenigde Staten.  Het Nederlandse mediabedrijf nam gisteren Authentic Entertainment over,1
60,295,"De chaos op de grond zal er niet meteen door verdwijnen, maar al bij al stemt de resolutie tot enig optimisme.  Ze biedt het Iraakse volk de mogelijkheid een staat op te bouwen, vermindert de overheersende invloed van de Amerikaanse militairen en geeft de internationale troepenmacht de gelegenheid zich sterker dan voorheen te ontplooien als de vredes- en ordehandhavers die ze behoren te zijn",1
61,300,"Alle zeilers met een kite Katja Roose (31), kitesurfster, nummer één van de wereldranglijst course racing, dat over vier jaar olympisch is: Kitesurfen is in de toekomst alleen maar belangrijker.  Ik denk zelfs dat het grootste deel van de zeilklassen dan is overgegaan op kites",1
62,305,"Soms denk ik nog wel eens aan Joop Waasdorp en de tijd dat hij regelmatig café Scheltema bezocht, toen het nog een journalistencafé was en de Nieuwezijds Voorburgwal de Fleetstreet van Amsterdam.  Het was een leuke, dwarse man, wars van elke politieke correctheid, die dan ook, geheel tegen de tijdgeest in, op een dag besloot op de Boerenpartij te gaan stemmen",1
63,310,Taboe op discriminatie MINDERHEDENBELEID heet nu “investeren in een interculturele samenleving”.  Zo wil het nieuwe regeerakkoord het tenminste,1
64,315,Twee genocideverdachten toch uitgeleverd aan Rwanda De uitleveringszaak sleept al jaren voort.  Nu worden de twee aan Rwanda overgedragen,1
65,320,"Duurzaamheid KLM adverteert veel over de eigen duurzaamheid, met het gebruik van biobrandstof als één van de pijlers.  In werkelijkheid is ",1
66,325,"Nieuwe toepassingen kloontechniek De techniek van het klonen ontwikkelt zich snel.  Biotechbedrijven zijn opgetogen, maar de techniek veroorzaakt veel opschudding",1
67,330,Vliegramp Athene kost 121 inzittenden het leven Alle 121 inzittenden zijn om het leven gekomen bij een crash van een Cyprisch vliegtuig in Griekenland.  Luchtvaartdeskundigen puzzelen over de mogelijke oorzaak van de crash waarbij gistermiddag een Cyprisch verkeersvliegtuig neerstortte en in brand vloog,1
68,335,Macron ook bovenaan in definitieve uitslag Het is nu zeker dat de En Marche. -leider op 7 mei met Marine Le Pen gaat strijden om het presidentschap,1
69,340,"Het lijden van het Hazara-volk BAMIAN - In het midden van Afghanistan woont het Hazara-volk, een bevolkingsgroep van Mongoolse afstamming die zwaar te lijden heeft onder de burgeroorlog die Afghanistan teistert.  Maar door de slechte toegankelijkheid van het door hoge bergketens omgeven gebied, dringt maar weinig van hun ontberingen naar de buitenwereld door",1
70,345,Hasna El Maroudi (19) en haar moeder voelen zich niet langer veilig.  De bekorte jongerencolumn van Spunk,1
71,350,De Haagse Stemming Vandaag is dag 181 van de formatie.  Schrijf je in om de Haagse Stemming elke dag als nieuwsbrief te ontvangen,1
72,355,"Oekraïne wijst wapenstilstand af Zwangere vrouwen in een schuilkelder van een ziekenhuis in Donetsk, in het oosten van Oekraïne, waar hevig wordt gevochten.  Foto AFP Het Oekraïense leger heeft een voorstel voor een wapenstilstand van de separatisten gisteren afgewezen",1
73,360,"Het Amerikaanse leger en Irak betwisten de omvang van het geweld in het land.  De Amerikanen ontkenden gisteren dat juli de dodelijkste maand in Irak in ruim twee jaar was, zoals Bagdad had verklaard",1
74,365,"Unilever in oorlog om wasmiddelen in Turkije ISTANBUL, 20 JUNI.  Er woedt een wasmiddelen-oorlog in Turkije",1
75,370,Geloof is sport De Ronde van Frankrijk kent maar één geletruiwinnaar.  Toch bereiden 180 wielrenners zich voor op die wekenlange fietstocht,1
76,375,"Grote kaalslag in Molière's komedie 'De ingebeelde zieke'; Leukdoenerij met overgave Voorstelling: De ingebeelde zieke door Het Gevolg, vanaf 8 jaar.  Tekst naar Molière en regie: Ignace Cornelissen",1
78,385,Luis Suárez is terug na zijn maandenlange schorsing wegens bijten.  Foto AP In zijn tienerjaren in Montevideo rende hij eens vijftig meter het veld over om de scheids een kopstoot te geven,1
79,390,Het rechterschap is meer dan een baan: het kruipt onder je huid Zit er ook een rechter in u.  Strafrechter Jacco Janssen ontdekt op de voetbaltribune dat hij anders naar een incident kijkt dan de andere supporters,1
80,395,HILVERSUM.  De muziekensembles van het Muziekcentrum van de Omroep (MCO) mogen in Hilversum gevestigd blijven,1
81,400,"Koopkrachtverlies toch meer dan verwacht - ook lagere inkomens worden getroffen DEN HAAG - Door alle bezuinigingen hebben de burgers steeds minder geld te besteden.  ANP XTRA LEX VAN LIESHOUT Foto ANP / Lex van Lieshout Niet alleen hoge inkomens, maar ook sommige groepen met lagere inkomens gaan er door het regeerakkoord op achteruit",1
83,411,"Cannes, Sarko, Wolfo en een antihomofobiedag 1 Donderdag is Hemelvaartsdag.  Jezus voer nadat hij niet meer dood was ten hemel en wij hebben een dagje vrij",1
84,415,Vaticaan sticht bisdommen in Rusland De rooms-katholieke kerk heeft gisteren aangekondigd vier Russische bisdommen op te richten.  De Russisch-orthodoxe kerk reageert woedend en dreigt de betrekkingen met het Vaticaan op te schorten,1
86,425,Arcams ruimtelijke oase aan het IJ Ze zijn zeldzaam: bouwwerken die de liefdevolle concentratie prijsgeven waarmee zij zijn ontworpen.  Het nieuwe onderkomen van het Architectuur Centrum Amsterdam (Arcam) is zo'n bouwwerk,1
88,435,"Niet doen, zegt Marcel Warnaar, wetenschappelijk medewerker bij het Nationaal Instituut voor Budgetvoorlichtig (Nibud).  „Een lening kan de vriendschap in de weg gaan staan",1
89,440,"Betogingen Venezuela om nieuwe schoolwet Duizenden Venezolanen hebben zaterdag in de hoofdstad Caracas met twee afzonderlijke betogingen zowel voor als tegen een eerder deze maand ingevoerde nieuwe onderwijswet gedemonstreerd.  De oproerpolitie zette traangas, waterkannonen en rubberkogels in tegen de tegenbetogers",1
90,445,"Slopen, bouwen, spreiden In steden door heel het land worden de komende jaren massaal goedkope woningen gesloopt en vervangen door duurdere.  Het lijkt het laatste redmiddel voor de steden, die hun middenklasse zien vertrekken",1
91,450,"KPN verhoogt ambitie voor schuldafbouw KPN scherpt zijn doelstelling aan om de schulden van het bedrijf te verminderen.  Het telecombedrijf streeft ernaar om de schuld eind dit jaar terug te brengen tot 13,9 miljard euro in plaats van 14,5 miljard",1
92,455,Onder de drie miljoen Turken in Duitsland groeien de spanningen.  Duitse politici willen niet dat de Turkse binnenlandse strijd overslaat,1
93,460,Opwarming aarde is geen aanjager klimaatoorlogen De oorlog in Soedan is geen klimaatoorlog maar een etnisch-religieus conflict waarin toegang tot oliebronnen een belangrijke rol speelt.  Foto AP Terug bij af,1
94,465,"Mooie actie.  Maar het kan geen kwaad dat Leon de Winter erop gewezen heeft dat ook (of juist) in Nederland de wereld gewoon doordraait wanneer er mensen 'als beesten' worden afgemaakt (NRC Handelsblad, 25 oktober)",1
95,470,"De coronamaatregelen mogen dan tot steeds meer chagrijn leiden, Jan Rotmans houdt de moed erin.  De crisis is een blessing in disguise, zei de hoogleraar duurzaamheid en transities deze week in Trouw",1
96,475,"Advocaten Amsterdam dreigen met prikacties AMSTERDAM, 9 mei - De Amsterdamse advocaten zullen prikacties houden als het ministerie van justitie niet voor 1 september toezegt dat de vergoedingen in de gefinancierde rechtshulp zullen worden verhoogd.  Volgens de deken van de orde van advocaten in het arrondissement Amsterdam - waar 1",1
97,480,Eén nieuw nummer is wat mager voor Zweedse Ghost Het Zweedse Ghost was donderdag uitstekend in Amsterdam.  Maar het optreden was helaas vrijwel identiek aan eerdere ,1
98,485,Een glimp van een beschaving Na negentig jaar is het ‘Mesopotamische woordenboek’ voltooid.  Het telt Engelstalige beschrijvingen van 28,1
99,490,"Dat betoogt Geoffrey Robertson, auteur van Crimes Against Humanity (uitgeverij Penguin), vandaag in de Britse krant The Independent.  De wetenschap dat de operatie in het Pakistaanse huis van de Al Qaeda-leider was bedoeld ",1
100,495,"Afgelopen donderdag mij enigszins verbolgen uitgelaten over het feit dat wijn nog geen tenminste houdbaar tot-datum kent of een ‘bij voorkeur te drinken voor’ advies.  En dat terwijl het gros van de wijnen op dronk in de schappen beland en niet gebaat is bij langdurig stof happen in wijnrekken, kruipruimtes of kelders",1
101,500,"Sneller straffen ja, maar liever na vonnis De bewindslieden op Justitie verkennen de rechtsgrenzen.  Kan de rechter al optreden voordat hij vonnist",1
102,505,"Politie slaat terug met civiele procedure Een kaakslag, een gebroken neus, een hoofdwond en flinke frustratie.  Dat is de meest recente oogst van de Rotterdamse politie",1
103,510,"Caption: FILE - In this Nov.  21, 2011 file picture taken with a fisheye lens, flames from a fire set alight in a container by activists of the Frankfurt Occupy movement are seen in front of the European Central Bank and a sculpture of the euro symbol in Frankfurt, Germany",1
104,515,"Agent die schiet is toch anders dan een burger die schiet Hoe streng moet de rechter zijn tegen een agent die een beroepsfout maakt, waardoor net geen dodelijk slachtoffer viel.  De rechter in Maastricht veroordeelde vrijdag een lid van een arrestatie-eenheid tot twee jaar cel en een schadevergoeding",1
105,520,"De EU is verdeeld, nu ook in conflict Georgië De EU-landen kwamen gisteren in Brussel bijeen voor spoedoverleg over de crisis tussen Rusland en Georgië.  Moeilijk: hoe om te gaan met het machtige Rusland",1
106,525,"Jean-Auguste-Dominique Ingres zag het schilderen van portretten, als een minder genre — historische taferelen was waar men beroemd mee diende te worden.  Zijn portretten, nu te zien in het Metropolitan Museum, laten dan ook zien tot welke hoogte hij steeg als hij niet 100 procent op zijn hoede was en zijn best deed",1
107,530,Donald Trumps Kremlin-connecties Relatie VS-Rusland De FBI onderzoekt de banden van Trumps entourage met Rusland en de Russische inmenging in de Amerikaanse verkiezingen.  Hoe lopen de lijnen tussen Trumps inner circle en die van Poetin,1
108,535,"De `sitcom about nothing', verzonnen door Jerry Seinfeld en Larry Davids vertelt het semi-autobiografische verhaal van de stand-up comedian Jerry Seinfeld en zijn vrienden: ex-minnares Elaine Benes (Julia Louis-Dreyfus), de blunderende Cosmo Kramer (Michael Richards) met ",1
109,540,"Kleindochter Christine Koenigs van de beroemde kunstverzamelaar Franz Koenigs wil dat directeur Sjarel Ex van Museum Boijmans van Beuningen per direct twee tekeningen van Jeroen Bosch van de muur haalt.  Dat schrijft zij in een boze brief aan Ex en curator Jonathan Bober van de National Gallery of Art in Washington, waar ze nu hangen",1
110,545,"VS voeren druk op Iran verder op De Amerikaanse regering heeft gisteren nieuwe, harde strafmaatregelen tegen Iran, Iraanse banken en de Iraanse strijdkrachten afgekondigd.  Washington beschuldigt een onderdeel van de Iraanse Revolutionaire Garde ervan terrorisme te ondersteunen",1
111,550,Kabinet met D66 en ChristenUnie onmogelijk of slechts “onwenselijk”.  De Haagse Stemming Vandaag is dag 64 van de formatie,1
112,555,Yara (Wies Fest) and Philippe (Egbert-Jan Weeber) zijn twee naar zingeving zoekende millennials.  Regie: Hanna van Niekerk,1
113,560,"De stemming is verre van uitbundig op Temper The Wind To The Shorn Lamb, de tweede cd van de Vlissingse groep This Beautiful Mess.  De kale boom in een mistig landschap op de hoes staat model voor de sfeervolle, herfstige en van melancholie druipende muziek",1
114,565,"Recessie bedreigt herverkiezing Bush WASHINGTON, 19 OKT.  Het loopt tegen verkiezingstijd en niemand heeft geld",1
116,575,"Geen gedwee typje ,,Momentje, ik leg even de hoorn neer, er worden bloemen gebracht'', zegt juriste Medy van der Laan (34).  De telefoon staat niet stil",1
117,580,"Regisseur Michael Cimino (Deer Hunter) overleden Cimino (77) won vijf Oscars met zijn film The Deer Hunter, maar kon het succes in zijn carrière niet meer oppakken na het geflopte Heaven’s Gate.  Archiefbeeld van Cimino uit 2012 Foto: Gabriel Bouys / AFP Regisseur Michael Cimino, bekend van films als The Deer Hunter en Heaven’s Gate, ",1
119,585,"‘U wist dat Shell toestemming voor de deal nodig had. ’ Corruptiezaak De eerste verdachte in de corruptiezaak rond een Nigeriaans olieveld waar Shell bij betrokken is, werd stevig verhoord door de Italiaanse aanklager Fabio de Pasquale",1
120,590,"Kinderbijslag intact Een meerderheid in de Tweede Kamer ziet niets in het voorstel van staatssecretaris Van Hoof (Sociale Zaken, VVD) om ouders van schoolverlaters te korten op de kinderbijslag.  Dat bleek gisteren tijdens het wekelijkse vragenuur in de Kamer",1
121,595,"Bij een bloedbad in het noorden van Mexico zijn maandag zeker zes kinderen en drie vrouwen op brute wijze vermoord.  De slachtoffers maken allen deel uit van een bekende mormoonse sekte die oorspronkelijk uit de VS komt, maar al decennia aan de Mexicaanse kant van de grens woont",1
122,600,"De komende dagen zal het ’s ochtends vaak nevelig en mistig zijn, maar breekt vooral in de middag de zon af en toe door.  ",1
123,605,40 banen weg bij ANWB-winkels vanwege reorganisatie De winkels en ondersteunende diensten draaien zo’n 25 miljoen euro verlies.  Daarom wil ANWB de snijden in de personeelskosten,1
124,610,Presidentskandidaat Bob Dole wil 'gewoon' zijn land dienen; Een machinist zonder programma Na een reeks mislukkingen krijgt de republikein Robert J. Dole (72) dit jaar zijn laatste kans op het Witte Huis,1
125,615,"Twee nominaties NRC voor journalistieke prijs De Loep NRC is samen met de NOS en Nieuwsuur genomineerd voor De Loep, de prijs voor de beste onderzoeksjournalistiek van Nederland en Vlaanderen.  De Vereniging voor Onderzoeksjournalisten reikt De Loep jaarlijks uit",1
126,620,Zet dít eens op de cover De covers van Nature en Science zijn zelden artistiek.  Nederlandse fysici boden een cartoon aan Nature aan,1
127,627,Diafragma's De ING-bank in Kortrijk pakt uit met een grote tentoonstelling van de eigen collectie met werk van topfotografen.  Sebastião Salgado doet zijn - fenomenale - kunstje op maar liefst veertien foto's van mensen die als mieren ,1
128,630,"In La isla mínima, dat in Spanje maar liefst tien Goya’s ontving, de belangrijkste filmprijzen, zoekt hij het wat verder weg.  Niet alleen geografisch, maar ook chronologisch",1
129,635,"Hockeyers naar finale door winst op Australiërs Wakker geschud door de benauwde ontsnapping, dinsdag door toedoen van Groot-Brittannië, hebben de Nederlandse hockeyers hun ware gezicht laten zien.  In de halve finales van het olympisch hockeytoernooi dompelde de ploeg van bondscoach Maurits Hendriks gastland Australië in rouw",1
130,641,Schuim & as.  Gesprek met hoofdconservator Susan Legêne van het Tropenmuseum in Amsterdam over het belang van ritme in een mensenleven,1
131,645,"Passages uit het eindraport; 'Daarmee heeft zij dit dus niet geweten' Uit het eindrapport, hoofdstuk 6, Het meningsverschil Sorgdrager-Blok: “Tijdens de verhoren van de commmissie heeft de kwestie zich ook toegespitst op de vraag of ook procureur-generaal Sorgdrager, in functie vanaf 1 januari 1994, van de doorlating van cocaïne geweten heeft.  Blok kan zich herinneren dat hij de doorlating met Sorgdrager besproken heeft",1
133,655,Gebutste Fazio gaat toch maar niet naar Manchester Het had vandaag hét plaatje uit Manchester moeten worden: de door iedereen met de nek aangekeken Italiaanse bankpresident Antonio Fazio die zijn opwachting kwam maken bij zijn Europese collega-bankpresidenten en de ministers van Financiën uit de EU.  Dit gezelschap houdt vandaag en morgen in de Noord-Engelse stad zijn halfjaarlijkse informele bijeenkomst om in ontspannen sfeer – want informeel – de toestand in de wereld te bespreken,1
134,660,"Flierefluitend voor de leeuwen Jeroen moest erg wennen aan „dat burgerlijke”, maar Linda drong aan.  Met succes",1
135,665,"Eurofilm viert moeizaam feest De European Film Awards willen maar geen feestje worden, ondanks veel enthousiasme en prijzen.  Kauwboy was de beste ontdekking van 2012 en Carice van Houten mocht op Malta een prijs overhandigen",1
136,671,"'Circa twee miljoen mensen in tijdnood' DEN HAAG, 5 NOV.  Ongeveer twee miljoen Nederlanders hebben moeite hun dag in te delen",1
137,675,"Data-analyse klinkt saai, maar het is een machtig instrument.  Zo kan het er bijvoorbeeld voor zorgen dat een Londense politiechef precies weet waar Britten naar het bootje van hun koningin gaan kijken",1
138,680,"De Russische Centrale Bank heeft een flinke rel veroorzaakt met een speciale muntenreeks met afbeeldingen van Europese hoofdsteden die, aldus de bank, „door de Sovjettroepen zijn bevrijd van de Duits-fascistische bezetters”.  Op de vijftien jubileummunten die vorige week in omloop kwamen, prijken afbeeldingen van Berlijn en Wenen, Kiev, Minsk, Warschau, Praag, Boekarest, Chisinau en de hoofdsteden van de Baltische staten",1
139,685,"“Adriaan van Dis, wat een nummer, wat een fantast. ” Zo begint de bijdrage van pater Dik Kooloos in het novembernummer van het blad Bijeen",1
140,690,CES 2015: Mercedes pimpt de robotauto van Google Techredacteur Marc Hijink doet dagelijks verslag vanaf gadgetbeurs CES in Las Vegas.  Ruim 150,1
141,695,Luieren in de wereld van Solero De traditionele strandtent verdwijnt.  Heineken en Ola sponsoren niet langer alleen de parasol maar kopen de hele zaak op,1
142,700,`Reactie sociale partners zwaar overtrokken' De sociale partners beslissen vandaag of ze het dinsdag gestaakte overleg met het kabinet over de sociale zekerheid zullen hervatten.  Vanochtend zagen ze daar vooralsnog geen reden toe,1
143,705,Gezondheid Op cursus samen met collega’s en het vooruitzicht van waardebonnen – vier op de tien deelnemers stopten daardoor met roken.  Stoppen met roken gaat veel beter met een financiële beloning,1
144,710,Ook de identiteit van de eerste agent die geheime opsporingsinformatie verkocht aan de onderwereld is bekend.  De identiteit van de eerste agent is ook bekend,1
145,715,"Bibi is boos Scheidend VVD-Kamerlid Bibi de Vries schreef een boos boek over haar jaren als vice-fractievoorzitter.  Een straatvechter, een olifant in een porseleinkast, geen kaas gegeten van sociale financiële en economische vraagstukken",1
146,720,Hof: NAM moet smartengeld betalen Gaswinning Groningen Het hof gaat deels mee in de eerdere uitspraak dat de NAM moet betalen voor aangetast woongenot en psychisch leed door de gevolgen van de gaswinning.  Een huis in Stedum in 2016 dat niet meer bewoond mag worden omdat het te veel is beschadigd door aardbevingen,1
148,725,"PTT moet kortingen afschaffen ROTTERDAM, 24 FEBR.  PTT Telecom moet een groot deel van zijn kortingsregelingen voor grote klanten afschaffen",1
150,735,"Onvolledige weergave incidenten Srebrenica “Doorrijden”, zei de kapitein toen gewapende moslims een Nederlands pantservoertuig probeerden tegen te houden.  Alweer een incident dat volgens de ",1
151,742,"De andere wereld van zondagmiddag.  Michel Collon, auteur van het boek Blufpoker, Joegoslavië en de komende oorlogen geeft zijn visie op de huidige grensconflichten in Macedonië",1
152,745,Zondag vaardigde president Morsi per presidentieel decreet uit dat de ontbinding ongedaan werd gemaakt.  Hij riep daarbij de parlementsleden op weer bijeen te komen totdat weer een nieuw parlement gekozen kan worden,1
153,750,"Internationale luchthaven Bali weer open, geen vertragingen voor KLM Uitbarsting van Mount Raung op Oost-Java.  Door aswolken is het vliegverkeer op Bali ernstig verstoord",1
154,755,Netwerk.  Onder andere over de schrijnende toestanden in psychiatrische inrichtingen in Servië en de crisis in de PvdA,1
155,760,Brendan Dassey blijft toch vastzitten Dassey zit samen met zijn oom Steven Avery vast voor de moord op Teresa Halbach.  Het proces kwam wereldwijd onder de aandacht door de documentairereeks Making a Murderer,1
156,765,Eurocommissaris Barnier presenteert vandaag een plan dat het Europese bankensysteem moet hervormen.  Foto AFP / John Thys Eurocommissaris Michel Barnier van Interne Markt en Financiële Dienstverlening presenteert vanmiddag een nieuw bankenplan van de Europese Commissie dat het Europese bankensysteem de komende jaren moet hervormen,1
157,770,"Moslims als cartooneske barbaren portretteren mag wel Afgelopen weekeinde besloot Sooreh Hera dat ze haar fotoserie Adam en Ewald, zevendedagsgeliefden niet in het Gemeentemuseum Den Haag wil ophangen.  Als museumdirecteur Wim van Krimpen haar meest provocerende beelden uit die serie niet wilde tonen, ",1
158,775,"Volgens producent Hans Pos van Shooting Star Filmcompany gaat het om één doos met zes à zeven filmblikken, de oogst van één opnamedag.  ",1
159,780,"Een donkere, akelige gestalte achter je Een robot kan het gevoel van de aanwezigheid van geesten oproepen.  Dat komt door conflicterende signalen in het brein",1
160,785,"""Wie Sparta financieel gezond maakt verdient een standbeeld'; ""Op Spangen zit je goed, daar heb je de beste leermeesters'; ""Sponsor mag zich niet bemoeien met het bestuursbeleid' De 63-jarige FLOOR BOUWER treedt in november af als voorzitter van Sparta.  Vanaf 1988 leidde hij de voetbalclub van Spangen",1
161,790,"Wereld Op Lucht Terwijl de koers van World Online afgelopen vrijdag op de Amsterdamse beurs in elkaar plofte, spraken de Europese regeringsleiders in Lissabon euforisch over de nieuwe vergezichten van de Interneteconomie.  De beursgang van het eerste Internet-bedrijf in Nederland werd een bittere teleurstelling voor beleggers die gehoopt hadden op een vluggertje",1
162,795,"Red het web Internetvrijheid Het internet staat op een keerpunt, schrijft www-uitvinder Tim Berners-Lee: het zal zijn potentieel ten goede verwezenlijken, of het zal ons naar een digitale dystopie leiden.  Mijn ouders waren wiskundigen",1
163,800,Het Internationaal Monetair Fonds (IMF) denkt opnieuw meer geld nodig te hebben.  Maar voorstellen om het fonds via de uitgifte van obligaties een beroep te laten doen op particuliere beleggers hebben veel weg van een wanhoopszet,1
165,810,Elektrische en hybride auto’s sjouwen honderden kilo’s aan accu’s mee.  Dat maakt de auto’s zwaarder en dus minder zuinig,1
166,815,"Volgens Powell is dat in het belang van de Verenigde Staten én de internationale coalitie, die steeds vaker aandringt op een snelle oplossing van het conflict.  De voorzitter van de chefs van staven van de Amerikaanse strijdkrachten, generaal Myers, is veel terughoudender",1
167,820,In zijn mondpropje schuilt nu ook het weeskind.  Een gevoel van emotionele onherbergzaamheid was Ronald Koeman altijd al fysiek bestorven,1
168,825,Voorzichtig optimisme Noord-Korea De onderhandelingen over beëindiging van het Noord-Koreaanse nucleaire programma worden mogelijk nog deze maand hervat.  Maar diplomaten waarschuwen dat Noord-Korea’s nieuwe status van kernmacht toenadering er niet gemakkelijker op heeft gemaakt,1
169,830,"Cendres et sang (Fanny Ardant, 2008, F/ROE/P).  Onzeker regiedebuut van actrice Ardant over familievetes en bloedwraak in een boerengemeenschap in Roemenië",1
170,835,Chinese ploeg gearriveerd De Chinese olympische ploeg is vandaag gearriveerd in Sydney.  De door blessures en dopinggeruchten met liefst 27 sporters (vooral atleten) en enkele ,1
171,845,"De laatste dansnomaden Een groep jonge Russen stuwden na de Russische Revolutie in het westen de danskunst voort.  Het was een hecht gezelschap van ontheemden, zoals blijkt uit een boek en een documentaire",1
172,850,Geen geld voor poëziekalender Nog 365 maal scheuren en er komt na 29 jaar een einde aan een klein literair instituut.  Uitgeverij Meulenhoff stopt met de Dagkalender van de poëzie,1
173,855,Een schaalmodel van een hogesnelheidstrein (tgv) van Alstom Foto Gonzalo Fuentes / Reuters Het Duitse bedrijf Siemens en het Franse Alstom zijn volgens Duitse en Franse media dicht bij een akkoord over het samenvoegen van hun treinactiviteiten.  De bouwers van de Duitse hogesnelheidstrein ICE en de Franse TGV hopen samen sterker te staan in de groeiende concurrentie met China,1
174,860,"Drinkwaterwinning uit zeewater gaat het best met geulen op strand Ontziltingsinstallatie nabij Almería in Zuid-Spanje.  foto afp (Files) This file picture taken on April 22, 2008 shows fresh water pumped into a reservoir after being treated at a desalination plant in Carboneras, near Almeria, southern Spain",1
175,865,"Onder hypnose van dj Mills De danscultuur laat zich niet zo gemakkelijk in beeld vangen.  In menige kast liggen de videobanden te verstoffen die in de jaren negentig verschenen van `raves', met niet veel meer dan beelden van dansfeesten vol hossende en uit hun dak gaande partygangers",1
176,870,"‘Tijd heelt niks,” zei Oscar Timmers in een interview in 1983.  Het zinnetje bevat eigenlijk de kern van zijn leven en van zijn literaire werk",1
177,875,"Ruslands opiniepeiler Joeri Levada, gisteren overleden, was eerste opiniepeiler en baken van betrouwbaarheid in een land van leugens, verdomde leugens en statistieken.  Joeri Levada noemde zichzelf een typische ‘zestiger’, de tragische generatie die zich liet inspireren door de destalinisatie onder partijleider Nikita Chroesjtsjov",1
178,880,"Alleen AZ komt door eerste ronde UEFA-Cuptoernooi Vier van de vijf Nederlandse clubs in het UEFA-Cuptoernooi zijn gisteravond in de eerste ronde uitgeschakeld.  Behalve Ajax kunnen ook FC Twente, FC Groningen en Heerenveen zich vanaf vandaag geheel richten op het nationale programma",1
179,885,Sterke Zweden zijn buurmannen de baas De olympische ijshockey- finale was een Noord-Europees onderonsje.  Zweden won de gouden medaille door een 3-2 zege op Finland,1
180,890,"Het gaat goed, dat kan nooit lang duren Veel Europeanen denken ten onrechte dat na een goed 2006 de groei in 2007 zal tegenvallen, vindt Melvyn Krauss.  Maar om inflatie tegen te gaan, zijn wel structurele hervormingen nodig",1
182,900,"Jongmans en Vriesde bereiken moeiteloos halve finale 800 meter ATHENE, 6 AUG.  Stella Jongmans heeft vanochtend bij de WK atletiek in Athene de halve finales van de 800 meter bereikt",1
183,905,"In januari heb ik nogal wat togadragers bezeerd met een stukje waar ‘Strafzittingen zijn te vaak toneelstukjes’ boven stond.  Althans, ik mocht sindsdien een keer of drie bij bijeenkomsten met rechters en advocaten verdere uitleg komen geven",1
184,910,"Geert Corstens was president van de Hoge Raad.  Als een politicus wordt vervolgd voor iets anders dan een delict dat zich geheel in de privésfeer heeft afgespeeld, krijgt het proces een politiek karakter, hoe je het ook wendt of keert",1
185,915,Scholen maken het verschil Amsterdamse leraren verdienen meer dan hun collega’s in Almere.  Toch krijgen docenten in beide regio’s een extraatje van onderwijsminister Plasterk,1
186,920,"Thailand: Anand weer waarnemend premier BANGKOK, 11 JUNI.  De diplomaat-zakenman Anand Panyarachun is gisteren opnieuw tot interim-premier van Thailand benoemd",1
187,925,"Libanese christelijke partij is doelwit bomaanslag BEIROET, 21 DEC.  Een zware bomaanslag op het hoofdkwartier van Libanons grootste christelijke partij, de Falange, in Oost-Beiroet heeft gisteren drie mensen het leven gekost",1
188,930,Gebruiksklaar (niet laten uitlekken) Het is een verplicht nummertje voor iedere columnist.  Vroeg of laat moet het gebeuren,1
189,935,"Onder geldmannen en bureaucraatjes; Nederlandsetoneelgezelschappen op tournee in Indie In de eerste helft van deze eeuw maakten veel toneelgezelschappen uit Nederland een reis naar het toenmalige Nederlands-Indie, vervuld van het ideaal om er de Muze te brengen.  De Indische samenleving reageerde lang niet altijd welwillend op de rondreizende artiesten",1
190,940,"In het artikel van Reinjan Mulder, Vertalingen en subsidies, (Boeken, 20/9/96) staan nogal wat onjuistheden.  De honorering van literaire vertalers laat bijvoorbeeld nog steeds te wensen over",1
191,945,"Krab met eigen zwembadje in de boom In het regenwoud in het zuiden van India staan hoge bomen met sprookjesachtige namen.  Daar groeit de Ceylonkaneel, waarvan je de lekkerste kaneelstokjes van de wereld maakt",1
193,955,"Een vervolg op Breaking Bad en andere series en films van week 41 Online demand Een overzicht van de series en films die op Netflix, Videoland en elders ",1
194,960,Veel profvoetballers in Nederland leiden een weinig glamoureus leven.  Voetballen voor een onkostenvergoeding is geen uitzondering,1
196,965,"Als je bijna 50 bent zoals ik, ben je flink gehersenspoeld met het idee dat vrouwen en mannen onherstelbaar van elkaar verschillen.  Zo leerden we van de tv-serie The A-team in de jaren tachtig dat vrouwen hulpeloos zijn en mannen van een paar kliko’s en wat vogelpoep een operationele tank kunnen bouwen; zagen we in de jaren negentig in de serie Sex and the City dat het levensdoel van vrouwen het huwelijk is (met een man uiteraard) en lazen we aan het begin van deze eeuw in populair-wetenschappelijke boeken dat de breinen van vrouwen en mannen zó anders zijn, dat ze net zo goed van verschillende planeten hadden kunnen komen: de vrouwen van Venus (liefde) wel te verstaan, en de mannen van Mars (oorlog) – and never the twain shall meet",1
197,970,"`Lef' is een frisse, sympathieke komedie Tijdens de 19-jarige geschiedenis van het Nederlands Filmfestival werden meerdere malen debuutfilms van ongesubsidieerde, onafhankelijke producties ter plekke ontdekt, zoals Zusje van Robert-Jan Westdijk of Lüger van Theo van Gogh.  Dit jaar zou Ron Termaats Lef in die categorie kunnen vallen, geproduceerd volgens de vennoten-constructie van Zusje, en genomineerd (met The Delivery en Abeltje) voor de Grolsch-publieksprijs",1
198,975,Trippend richting het hiernamaals De Franse Gaspar Noé maakte met Enter the Void een ambitieuze drugsfilm.  Na een prikkelend begin verzandt de film in een sufmakende loomheid,1
199,980,"Andere aandelen profiteerden van teruggelopen renteverwachtingen, nadat de `kerninflatie' over juli slechts 2,2 procent bleek te bedragen.  Het is daardoor volgens analisten minder aannemelijk geworden dat de Bank of England doorgaat met haar serie renteverhogingen",1
200,985,"CDA wil minder sex en meer moraal Het CDA vindt dat het kabinet te weinig morele grenzen stelt.  ,,Nederland wordt teveel een land waar alles moet kunnen'', zei fractieleider De Hoop Scheffer vanmorgen bij de algemene beschouwingen in de Tweede Kamer",1
201,990,"Wie was de echte Will.  Het blijft ongelofelijk, in ieder geval een nooit opdrogende bron van verwondering, zoveel nieuwe boeken als er ieder jaar verschijnen over Shakespeare en het toneel waar hij in werkte",1
202,995,"De albumtour van dj Koze’s laatste wapenfeit ‘Knock Knock’ bleek zondagavond een dj-set en geen live-optreden.  Was je over die initiële teleurstelling heen, dan moest je ook nog even geduld hebben als bezoeker want Stefan Kozalla’s set kwam traag op gang",1
203,1000,Natte festivalgangers vrijdag bij de opening van het driedaagse Pinkpop in Zuid-Limburg.  Er waren optredens van onder meer de Britse rockgroep Muse (linksonder) en Paloma Faith (rechtsonder),1
205,1010,"Loongroei schept kabinetsprobleem Het kabinet hoeft niet per definitie te bezuinigen als het grootste deel van de afgesproken besparingen in het pakket crisismaatregelen niet lukt.  Dat bleek gisteravond uit antwoorden van minister Bos (Financiën, PvdA) in een Kamerdebat over de Voorjaarsnota, de bijgestelde begroting voor het lopende jaar",1
207,1015,"Dat God als man aangeduid wordt is bijbels gezien niet logisch.  In Genesis 1:27 staat immers: ,,En God schiep de mens als zijn beeld; als het beeld van God schiep Hij hem; man en vrouw schiep Hij hen",1
208,1020,"Opnieuw gijzeling door Abu Sayyaf Rebellen van de moslimextremistische groepering Abu Sayyaf hebben in het zuiden van de Filippijnen opnieuw mensen gegijzeld.  Het gaat om acht Filippijnen die op het eiland Jolo gevangen zijn genomen door de mannen van de eenarmige Radulan Sahiron, een van de vijf leiders van Abu Sayyaf",1
209,1025,Tish (KiKi Layne) met haar vader Joseph (Colman Domingo) in ‘If Beale Street Could Talk’.  Liefde en romantiek als frame om racisme aan te kaarten Interview Regisseur Barry Jenkins schreef het scenario voor ‘If Beale Street Could Talk’ in cafeetjes in Berlijn,1
210,1030,"Als nieuwe minister van Wonen, Wijken en Integratie brengt Van der Laan een bezoek aan de Haagse Stationsbuurt en Rivierenbuurt in november 2008.  Ed van Oudenaarden/ANP Minister Van der Laan tijdens een Kamerdebat over activiteiten van de Marokkaanse inlichtingendienst in Nederland",1
211,1035,Oud-marinier Albert Hoeben is in het Limburgse Stramproy overleden (foto uit 2010).  Foto ANP / Koen van Weel Oud-militair Albert Hoeben is op 94-jarige leeftijd in Stramproy overleden,1
212,1040,Op dienstreis liggen kosten exact vast Nederland heeft een groot buitenland.  Het was in de vijftiger jaren voor het tweede kabinet-Drees reden met twee ministers van buitenlandse zaken te opereren (de partijloze Jan Willem Beijen en de KVP'er Joseph Luns),1
213,1045,Hemelbestormers uit Vancouver Het Canadese bedrijf Ballard heeft de ambitie marktleider te worden in schone automotoren.  Het ziet in de brandstofcel het potentieel om uit te groeien van een onderzoekslaboratorium tot een multinational,1
214,1050,"Poetins rijkdom is gehalveerd Een lapje grond van anderhalve vierkante kilometer bij Moskou, 230 aandelen in een lokale bank, ruim een ton euro aan spaargeld, een appartement van 78 vierkante meter in Sint Petersburg, een oplegger en twee klassieke Russische auto’s uit de jaren zestig, geërfd van zijn vader.  Dat is alles wat Vladimir ",1
215,1055,"Twee Europese titels amazone Cornelissen Dressuuramazone Adelinde Cornelissen heeft gisteren haar tweede gouden medaille gewonnen op de EK in Rotterdam.  Ze was in het Kralingse Bos in de individuele kür op muziek met een score van 88,839 procent veruit de beste",1
216,1060,"Neanderthaler was blank met rood haar, maar met ander gen Neanderthalers hadden hoogstwaarschijnlijk een blanke huid en rossig haar.  Dit blijkt uit Neanderthal-DNA dat is gevonden in twee botten van deze ongeveer 30",1
217,1065,Van den Ende verhoogt prijzen niet Het bedrijf van Joop van den Ende zal de btw-verhoging op kaartjes voor musicals in de eigen theaters en de grote reizende musical niet doorberekenen aan het publiek.  Daarmee gaat het in tegen de trend bij podia om de belastingverhoging van 6 naar 19 procent wel door te berekenen in de kaartjes,1
218,1070,"Rescuers and relatives stop a woman from committing suicide by jumping off a building in Zhanjiang, Guangdong province August 14, 2012.  The woman was rescued as she tried to commit suicide after killing her nephew following a family dispute, local media reported",1
219,1075,"Het laatste walvisschip komt aan in de haven van Shimonoseki.  Foto Jiji Press / AFP De Japanse walvisvloot heeft dit jaar 333 dwergvinvissen gevangen, inclusief enkele zwangere vrouwtjes",1
220,1080,"Als een Ferrari: luxueus en comfortabel Doordat Haagse politici ambivalente en gebrekkige informatie over Europa verstrekken, lopen burgers niet warm voor de Europese Unie.  „Den Haag wil niet dat we van Brussel houden” Het is deze ambivalentie die Nederlandse politici „continu over de mensen heen storten”, waardoor Lenssen gelooft dat de Nederlandse politiek de macht eigenlijk niet wil delen met de Europese Unie „Den Haag wil niet dat we van Brussel houden”, zegt hij",1
221,1085,PKK: `gevaarlijkste groep' in Duitsland Haar straffe organisatie maakt de PKK tot gevaarlijkste extremistische bedreiging in Duitsland.  Er is een gewapende harde kern van zo'n 6,1
222,1090,"Portretten van Andy Warhol.  20 okt t/m 24 nov in Galerie Wouter van Leeuwen, Hazenstraat 27, Amsterdam",1
223,1095,Te veel uren schrijven De meeste zakenbankiers zijn het stadium voorbij dat ze hun concurrenten ellende toewensen.  Dat komt doordat niemand is ontkomen aan de smet van belangenverstrengeling of het inzakken van de adviesmarkt,1
224,1100,"Dertig dagen offline Het modelabel van Joline Jolink, dat vooral via haar webshop wordt verkocht, bestaat vijf jaar.  Ze viert het met een tijdelijke winkel in Amsterdam",1
225,1105,Complexe opera `Raaff' sterk en intrigerend Verwondering over het verschijnsel `opera' is dit jaar het gemakkelijk herkenbare `geheime thema' in de muziekprogrammering van het Holland Festival.  Gesualdo considered as a murderer van Luca Francesconi was muziektheater over de vraag waarom componisten toch behoefte hebben aan een zichtbare handeling bij hun muziek,1
226,1110,"Action boekte over 2018 een recordomzet van 4,2 miljard euro.  Foto Pieterjan Luyten Waar veel winkelketens in de detailhandel het zwaar hebben, heeft Action over 2018 fors meer omzet geboekt dan een jaar eerder",1
227,1115,"Rusland stopt lozing van kernafval in zee bij Japan TOKIO, 21 OKT.  Rusland heeft onder sterke internationale druk bakzeil gehaald en afgezien van zijn voornemen een tweede lading radioactief afval te lozen in de Zee van Japan",1
228,1120,"Cultuurfilosoof: Kamer is naar binnen gekeerde wereld Maandag werd een nakende kabinetscrisis over de inkomensverhoudingen ternauwernood afgewend, gisteren debatteerde de Kamer erover.  Cultuurfilosoof Paul Kuypers over de taal en de gedragingen van bestuurders in tijden van politieke crisis en publieke apathie",1
229,1125,"Vijf Turkse extremisten aangehouden DEN HAAG, 8 DEC.  De politie heeft begin deze week in Rotterdam vijf Turkse mannen aangehouden die worden verdacht van afpersing in de Turkse gemeenschap",1
230,1130,"Wijnaendts beschuldigt leger; Den Haag stelt sancties tegen Serviërs voor DEN HAAG-ZAGREB-PARIJS, 30 AUG.  Nederland zal zijn partners in de Europese Gemeenschap op een extra vergadering aanstaande dinsdag voorstellen politieke en economische maatregelen tegen Servië te treffen als het blijft weigeren EG-waarnemers toe te laten tot de conflictgebieden in Kroatië",1
231,1135,"Vrij koude nachten Tot en met woensdag verlopen de nachten vrij koud met kans op een klein beetje vorst in het binnenland, maar overdag wordt het ver boven nul.  Dankzij de nabijheid van een hogedrukgebied is het op de meeste dagen droog",1
232,1140,"Mager verslag van Indië-herdenking in de krant Op 15 augustus 1945 vond de capitulatie van Japan plaats.  Dat betekende het einde van de oorlog in Indië voor ons die onder Japanse bezetting hadden geleefd, in kampen en daarbuiten",1
233,1145,"Burgemeesters aan bevolking: samen gaan we het fiksen Crisiscommunicatie Meerdere burgemeesters schreven de afgelopen dagen hun inwoners een brief.  ‘Verlies elkaar niet uit het oog’, is de boodschap",1
234,1150,"Zaterdagavond dacht SGP-Kamerlid Elbert Dijkgraaf een belastingdruk van maar liefst 98,6 procent op het spoor te zijn.  Een paar dagen langer studeren op de kabinetsplannen resulteerde in een lagere maar nog altijd aanzienlijke belastingdruk van 85 procent",1
235,1155,Opereren en detoxen met uitzicht op een Alp Zwitserse huisartsen rekenen af per minuut.  Onze correspondenten beschrijven deze zomer eigenaardigheden van de gezondheidszorg in hun land,1
238,1165,"LEYLA ZANA; Koningin der Koerden ANKARA, 10 NOV.  Leyla Zana is het symbool van de Koerdische strijd voor politieke vrijheid en culturele identiteit binnen Turkije",1
239,1170,"Het NHM is geschiedenis Met het Nationaal Historisch Museum ging het net als met een paar andere reusachtige projecten.  Geestdriftig verzonnen, veel bijval gekregen, een plan kreeg vorm, er ontstond een tegenplan, discussies werden onoverzichtelijk en langzamerhand verloor dit magnifieke project zijn geloofwaardigheid",1
240,1175,"Mexico gist naar omvang moordkomplot tegen Colosio MEXICO-STAD, 6 APRIL.  Wat velen in Mexico dachten en steeds lui der zeiden is nu door een officieel onderzoek bevestigd: de moord op presidentskandidaat Luís Donaldo Colosio, twee weken geleden, was een samenzwering",1
242,1189,Staatsschuld Rusland moet eigenlijk zwaar bezuinigen.  Uit oogpunt van verkiezingen leent de regering toch liever bij om te voldoen aan „sociale verplichtingen”,1
243,1194,"Utrechtse Jaarbeurs heeft topresultaat behaald over 1995 UTRECHT, 1 MAART.  De Jaarbeurs in Utrecht heeft in 1995 met een omzet van 147 miljoen gulden en een winst vóór belasting van 10 miljoen gulden topresultaten behaald",1
244,1199,Racines ‘Andromache’ is een museumstuk De zeventiende-eeuwse klassieke taal van de Franse toneelschrijver Jean Racine is een monument.  De ,1
245,1204,Terreurdreiging Brugge rekende een euro extra voor koffie om toeristen af te schrikken.  Sinds de aanslagen in Brussel is het opeens rustig,1
246,1209,"Opnieuw Haren, burgers blijven lastig 14 september 2013 – Volgende week, een jaar geleden, was Haren wereldnieuws.  De Facebook-rellen van toen verlammen de Groningse gemeente nog steeds",1
247,1214,"Duitse telescoop van kunststof op Mount Graham Op Mount Graham, een 3250 meter hoge berg in Arizona, is een Duitse telescoop in gebruik genomen.  Met zijn antennereflector van 10 meter diameter is het de eerste telescoop van deze grootte die straling uit het heelal kan opvangen met een kleinste golflengte van 0,35 millimeter",1
248,1219,Vader grijpt de macht; Kiddesk geeft iedereen een eigen plek in de computer Kiddesk is er op diskettes (ISBN 90 229 3903 0) of ,1
250,1224,"Madam Koo fleemt, fluistert, sist en zingt jazzy Kameropera Madam Koo brengt in slimme regie zware thema’s als wantrouwen en angst op een lichtvoetige, bevreemdende manier in beeld.  Robert Benschop Photography Madam Koo van Meriç Artaç door Diamantfabriek",1
251,1229,De verhouding tussen Johan Cruijff en Louis van Gaal is al een hele tijd hooglijk verstoord en waarschijnlijk ook vroeger nooit echt goed geweest.  Beide heren hebben een ego met de afmetingen van een pakhuis en als dergelijke mensen tegenover elkaar komen te staan springen er zoveel vonken over dat een totale oorlog niet te vermijden is,1
252,1234,"Kunstprogramma's zijn er, maar veel te laat op de avond Naar aanleiding van een inleiding die ik heb gehouden bij het Stimuleringsfonds Nederlandse Culturele Omroepprodukties op 14 september jl.  (gepubliceerd in NRC Handelsblad 18 september), is een discussie over de plaats van kunst en wetenschap binnen dan wel buiten het publieke televisiebestel losgebrand",1
253,1239,"Duikbootkapitein ziet CDA herrijzen Er rijst een nieuwe christen-democratie op in Nederland.  De directeur van het wetenschappelijk bureau van het CDA, mr",1
254,1244,"is Rotterdam op zijn best en breedst Anders dan de meeste pop- en kunstenfestivals dient het Rotterdamse Motel Mozaique een hoger doel.  Het brengt creatieve mensen bijeen die de stad als gastvrije, multifunctionele festivallocatie boven zichzelf uit laten stijgen",1
256,1250,De chinchilla's zijn toch al dood.  Kroonprins Willem Alexander ging trouwen en dat werd gevierd tot in de Servische hoofdstad Belgrado,1
257,1254,Hotels zijn vies van vis uit de tsunami-gebieden Veel dure hotels in Aziatische hoofdsteden hebben de aanvoer van vis gestopt uit door de tsunami getroffen gebieden.  Ze zijn bang dat de klanten hun eetlust verliezen bij het idee dat die vis zich misschien heeft volgevreten met het vlees van de slachtoffers van de ramp,1
258,1259,Adviesraad pleit voor Europees defensiebeleid Nederland moet op militair gebied veel nauwer gaan samenwerken met andere Europese landen volgens de Adviesraad Internationale Vraagstukken.  Alleen zo kan Nederland nog een rol van betekenis spelen in crisissituaties in en in de buurt van Europa,1
259,1263,Dat Wall Street gisteren eindelijk het wegglijden van de koersen wist te stuiten liet Frankfurt vanmorgen niet onberoerd.  De NAVO-aanval op Joegoslavië leek geen rol van betekenis te spelen op de Duitse beurs,1
260,1268,Opvolger F-16 1 Economische en militaire argumenten worden in de strijd geworpen in de keuze voor de opvolger van de F-16.  Maar er is meer,1
261,1273,Gewesten van PvdA prefereren Van Hees In de gewestelijke afdelingen van de PvdA lijkt er een voorkeur te bestaan voor de kandidatuur van Marijke van Hees voor het voorzitterschap van de partij.  De race om het partijvoorzitterschap van de PvdA is allerminst gelopen,1
263,1283,"Van Zutphen zat fout met uitspraak in affaire-Dullaert Van Zutphen wil niet door met kinderombudsman Dullaert.  De eerste, blijkt nu, heeft een foute uitleg van de wet gegeven",1
264,1289,Arnhem mag geen eigen Boekenbal Het Boekenbal in Arnhem heeft zijn naam moeten veranderen.  Vorig jaar stond het nog vrolijk aangekondigd op de officiële website van de Boekenweek: ‘Arnhems Boekenbal’,1
266,1298,"Coalitie wil werk bieden onder minimumloon De coalitiefracties van CDA, VVD en D66 willen bijstandsgerechtigden tijdelijk onder het wettelijk minimumloon laten werken.  Ze werden het gisteren eens over een plan waarbij langdurig werklozen een leer-werktraject kunnen volgen bij een werkgever, tegen 90 procent van het minimumloon",1
267,1303,"Massawerkloosheid bij tekort aan personeel De Amsterdamse bureaucratie ziet de jeugdwerkloosheid in de stad te rooskleurig, constateert Maarten Huygen Heel wat notabelen waren uitgelopen voor een bijeenkomst op de hoogste verdieping van de Kamer van Koophandel van Amsterdam aan het IJ.  De korpschef van de politie Noord-Holland Noord, de regiopersoneelschef van Albert Heijn, een Marokkaanserechercheur van de politie Zaanstreek, een partner van accountantskantoor Deloitte & Touche (Volhouden, daar gaat het om'), een onafhankelijke Marokkaanse ondernemer, recruteerders van de landmacht, een beleidsadviseur voor de Kamer van Koophandel, bestuurders van Marokkaanse organisaties, diverse specialisten in etnische diversiteit, allemaal wilden ze moslims en leden van etnische minderheidsgroepen werven voor banen",1
268,1308,"Schiphol: controle op alle vluchten naar VS scherper Na de mislukte aanslag op een toestel van Northwest Airlines Eerste Kerstdag, zijn op Schiphol de veiligheidsmaatregelen voor vluchten naar Amerika verscherpt.  Alle passagiers worden gefouilleerd voordat ze aan boord gaan",1
269,1313,"Retrospectieven van twee schilderfilmers Twee retrospectieven zijn er deze maand in de Nederlandse filmtheaters te zien, van twee klassieke filmauteurs die bijna niets met elkaar te maken hebben, behalve het feit dat ze de toeschouwer dwingen tot onvoorwaardelijke overgave aan hun compromisloze stijl.  De elf films van de Griek Theo Angelopoulos (1935), die het verbouwde filmtheater Cinemariënburg in Nijmegen ter gelegenheid van zijn vijfentwintigjarige bestaan in aanwezigheid van de maker laat zien, vormen een overzichtelijk en consistent oeuvre, dat vaak in een adem wordt genoemd met dat van andere schilderfilmers als Tarkovski en Antonioni",1
270,1318,"De grote en kleine kemphanen voor het Elysee Zij streven met z'n negenen naar het zelfde doel, maar zij werken met man en macht langs elkaar heen.  Sommige kandidaten zetten alles op alles om zeven jaar de hoogste functie in de Franse Republiek te kunnen bekleden",1
271,1323,"Sportbond huivert bij plan-Ter Beek voor instituut breedtesport; NOC*NSF vreest concurrentie PAPENDAL, 10 JUNI.  Joop van der Reijden, interim-voorzitter van de overkoepelende sportbond NOC*NSF, is verontrust over een sportbestuurlijk adviesrapport van oud-minister Relus ter Beek",1
272,1328,"Den Haag 1-8-2012 Door de toename van immigranten vanuit met name oostbloklanden als Polen, wordt het steeds aantrekkelijker voor winkeliers om exclusieve ",1
274,1338,CPB: economie blijft groeien De ramingen van het Centraal Planbureau voor 2017 zijn positiever dan eerdere schattingen.  Uitzendbureau in Den Haag,1
275,1346,De film is geen aanklacht tegen een materialistische samenleving of tegen de onrechtvaardigheid van klassenverschillen.  Je zou de toon kunnen ,1
276,1348,Offensief verzekeraars tegen bedrijfspensioenfondsen Verzekeraars willen een offensief ontketenen tegen de verplicht ingestelde bedrijfspensioenfondsen.  Dit blijkt uit een uitgelekte notitie van het Verbond van Verzekeraars,1
277,1353,"Bestaat het nog.  Echt feest-eten, gerechten en lekkernijen die alleen op bepaalde feestdagen op tafel komen",1
279,1363,Dijsselbloem wil zich nog niet uitlaten over wanneer ABN wel naar de beurs kan terugkeren.  Foto ANP / Lex van Lieshout De minister herhaalt dat de maatschappelijke discussie over het verhoging van de salarissen voor de top en de berichten over onregelmatigheden in Dubai de directe aanleiding waren om het besluit over de beursgang op vrijdag 27 maart uit te stellen,1
280,1368,Bijna één op twaalf kermisattracties na veiligheidscontrole dicht Kim Bos en Geertje Tuenter De kermis in het centrum van Tilburg.  Dit is de grootste kermis van de Benelux,1
281,1373,Anders dan zijn grote voorbeeld Elton John is Tom Odell nog een beetje een hark achter de piano.  Foto Andreas Terlaak De belofte van zijn zelfgeschreven hit Another love werd meteen groots opgepakt,1
282,1378,"The Money Programme - The World According to Google.  Over de geschiedenis en het succes van Google, het snelst groeiende bedrijf in de geschiedenis dat zeven jaar na de start 120 miljard dollar waard is",1
283,1383,"We wilden geen hond, dus gaf een familielid ons twee zebravinkjes.  Leuk, vogels met streepjes, dacht ik",1
284,1388,"Diederik Samsom was in het dorp om ons aan de zonnepanelen te praten.  In de huis-aan-huis-verspreide uitnodiging stond hij groots geafficheerd als ‘dé groene energieadviseur bij HVC’, een afval- en energiebedrijf in Alkmaar",1
285,1393,De schandalen rond Facebook stapelen zich snel op.  Kort geleden kwam de onderneming weer in opspraak door een livestream van de terrorist in Christchurch,1
286,1398,"Vraag 2: Is uw voorstel om naar keuze van de ouders euthanasie toe te staan op ernstig gehandicapte jonggeborenen, niet strijdig met uw geluksethiek als we stellen dat miljoenen Nederlanders iets ongelukkiger zouden worden bij uitvoering van dit idee.  Antwoord op vraag 1",1
287,1403,Populaire en pathetische kunst Video-still uit ‘Where is Where’ (2008) van Eija-Liisa Ahtila.  Wat een weemoed en beklemming,1
288,1408,Het Spaanse parlement tijdens de stemming van zondag.  Foto Pierre-Philippe Marcou/AFP De linkse Spaanse coalitie tussen de partijen PSOE en Unidas Podemos heeft zoals verwacht bij ,1
289,1413,"Philips wijst op risico's van miskraam NIJMEGEN, 15 OKT.  Achttien vrouwen, werkzaam op de lithografische afdeling van Philips Nijmegen, is dringend aangeraden op een andere afdeling te gaan werken",1
290,1418,`Ik dank mijn macht aan de bevolking' In Den Haag onderhandelt de coalitie over de gekozen burgemeester.  In het buitenland bestaan ze al,1
291,1423,Nederland moet niet op de knieën voor Rusland Het gist tussen Nederland en Rusland.  Maar wie provoceert hier nu wie,1
292,1428,`Verdenking rond Boonstra ruimer' Oud-Philipstopman C.  Boonstra heeft mogelijk met voorkennis gehandeld in aandelen van bedrijven waarmee het elektronicaconcern een relatie onderhield,1
293,1433,'Polen is voor 100% een democratie' Van de tien landen die vandaag toetreden tot de Europese Unie is Polen met 38 miljoen inwoners het grootste.  En een van de armste,1
294,1438,"'Regering oordeelt harder over Hamas dan over Israël' Vriendschap met Israël is goed, zegt Femke Halsema.  Maar daar hoort ook kritisch vermogen bij",1
295,1443,"Alcatel wint tijd Alcatel maakt het beste van een slechte markt.  Ondanks een omzetdaling van 19 procent in het derde kwartaal, méér dan wat het nog geen maand geleden voorspelde, is de Franse producent van telecomapparatuur erin geslaagd zijn bruto winstmarge met twee procentpunt te verhogen",1
296,1448,"Merkel wil `gesamtdeutsch' zijn CDU-kandidaat Angela Merkel (CDU) heeft, op campagne in het oosten van Duitsland, iets uit te leggen.  Simone Waltemate heeft een probleem",1
297,1453,Paranoïde spookbeelden Afgelopen zaterdag verscheen in de Volkskrant een verontrustend artikel over virtuele Jodenhaat onder aanhangers van het Forum voor Democratie (FvD).  Zo werd uit chatgroepen van FvD-volgelingen duidelijk dat antisemitisme een vast bestanddeel vormt in de uitwisseling van ideeën over politiek en samenleving,1
298,1458,"Toename vrouwen in top van ministerie Het percentage vrouwelijke topambtenaren is de afgelopen zeven jaar gestegen van 9 (2000) naar 18,2 (2007).  Dat hebben ministers Ter Horst (Binnenlandse Zaken, PvdA) en Plasterk (Onderwijs, PvdA) gisteren in antwoord op Kamervragen geschreven",1
301,1472,Irak bederft zijn nalatenschap Tony Blair treedt op 27 juni af als premier van het Verenigd Koninkrijk.  Wat is zijn politieke erfenis,1
302,1477,"Turkse parlementariërs komen toedracht dood Köksal onderzoeken ROTTERDAM, 6 FEBR.  Een delegatie van zes Turkse parlementsleden komt maandag naar Nederland om met drie bewindslieden en justitie te praten over de omstandigheden rond het overlijden van Husseyin Köksal op 8 januari in een ziekenhuis in Venray",1
303,1482,"‘Ik wil markten creëren, niet beperken’ Eurocommissaris Bulc (Transport) weigert de Golfstaten stevig aan te spreken op oneerlijke concurrentie door hun luchtvaartmaatschappijen.  „Er zijn zo veel geruchten, moet ik daar allemaal naar handelen",1
304,1487,"Nederlandse fysici meten superlubriciteit in grafiet Twee grafietoppervlakken kunnen vrijwel wrijvingsloos over elkaar heen glijden, hebben Leidse, Delftse en Amsterdamse onderzoekers ontdekt, maar niet onder iedere hoek.  Aan dit verschijnsel, superlubriciteit genoemd, dankt grafiet zijn goede eigenschappen als smeermiddel voor sloten en fijnmechanica (Physical Review Letters, 26 maart)",1
307,1502,"Stones repeteren ergens in Amsterdam De Rolling Stones zijn het afgelopen weekeinde in Amsterdam neergestreken.  De leden van de `Grootste Rock and Rollband ter Wereld' verblijven in het Amstel Hotel, hun favoriete logeeradres in de Benelux, en oefenen op een geheime locatie voor het laatste gedeelte van hun Bridges tot Babylon Tour",1
308,1507,Wekelijks stuit Karel Knip in de alledaagse werkelijkheid op onverwachte raadsels en onbegrijpelijke verschijnselen.  Deze week: vliegtuigen in het Oekraïense luchtruim,1
309,1512,Netwerk.  Exclusief gesprek met de huidige Indonesische president Habibi in zijn presidentieel paleis in Jakarta over zijn tijd met voorganger Suharto en de toekomst van Indonesie,1
310,1517,"Republikeinen stemmen in met belastingverhoging voor allerrijksten epa03507408 Speaker of the House John Boehner speaks during a press conference at the US Capitol in Washington DC, USA, 13 December 2012.  Boehner addressed questions on the fiscal cliff and reportedly suggested that spending is the problem, not revenue",1
311,1522,"Spaanse vakbonden dreigen regering met staking MADRID, 15 sept.  De Spaanse vakbonden zijn op geen enkele manier van plan mee te werken aan het door de regering voorgestelde matigingsbeleid ter bestrijding van de gevolgen van de crisis in de Golf",1
312,1527,Huisartsen stemmen niet in met het elektronisch patiëntendossier De doorstart van het elektronisch patiëntendossier (EPD) heeft opnieuw met tegenslag te ,1
313,1532,Beursinflatie is óók inflatie Monetaire stabiliteit en financiële stabiliteit gaan niet per definitie samen.  Langzaam begint het te dagen dat centrale bankiers moeten letten op de prijzen van komkommers én van aandelen KPN,1
315,1542,"Weense Burgtheater speelt Thomas Bernhard met brille en intelligentie; Menuet van eenzaamheid en wrok Nog twee dagen is in De Singel in Antwerpen Ritter, Dene, Voss te zien, gespeeld door het Burgtheater uit Wenen in de regie van Claus Peymann.  Thomas Bernhard schreef het stuk voor de drie intelligente acteurs uit de titel",1
316,1547,Onverdoofde slacht binnen 40 seconden Na de verhitte discussie over de rituele slacht is er een compromis.  In joodse kring wordt gesproken van een „herbevestiging,1
317,1552,"Rellen in Tourcoing na dood van Algerijnse jongen LILLE, 10 APRIL.  Na de dood van een jongen van Algerijnse afkomst die eerder was getroffen door een politiekogel hebben vanacht in de Noordfranse stad Tourcoing ernstige rellen plaatsgehad",1
318,1557,Jood tegen wil en dank De recente bloedige aanslag op een Russische disco in Tel Aviv veranderde de positie van de Russische immigranten in Israël.  Een groot deel van de maatschappij omhelst de voormalige `stinkrussen' plotseling als echte joden,1
319,1562,"Rien Zilvold / NRC Nelson Mandela met Yasser Arafat in het Catshuis, Den Haag, op 18 februari 1994.  Mandela logeerde in het Catshuis en zou ontbijten met Arafat",1
320,1572,"Twist over bedrijvenpark en golfbaan bij haven Amsterdam HAARLEMMERLIEDE, 24 AUG.  De gemeente Haarlemmerliede wil een ""hoogwaardig bedrijvenpark' met een internationale golfbaan aanleggen op een deel van het braakliggende terrein Ruigoord, eigendom van het Amsterdamse Havenbedrijf",1
321,1577,Dat blijkt uit een brief die minister Ard van der Steur van Veiligheid en Justitie dinsdag naar de Tweede Kamer heeft gestuurd.  Eind februari meldde NRC dat het ministerie twee consultants tussen 2012 en 2014 inhuurde via het bureau Boer en Croon,1
322,1582,"Uit innerlijke bron Joanna Newsom is niet alleen harpiste, maar ook uitvinder.  Haar liedjes vinden steeds nieuwe structuren",1
323,1587,Elektrische auto rijdt straks op benzine Shell en Daimler-Benz tekenden gisteren een overeenkomst tot samenwerking om een 'auto van de toekomst' te ontwikkelen.  Het resultaat zal zijn dat ook elektrische auto's op benzine rijden,1
324,1592,Met de kandidatuur van Lodewijk Asscher in aantocht is het goed even terug te gaan naar de recente relatie van de PvdA met het archetype van de comeback kid.  Het is geen geheim dat Diederik Samsom de komende lijsttrekkersverkiezingen als comeback kid van Asscher hoopt te winnen,1
325,1597,"Zo beëindig je zonder geweld de bedreiging van Noord-Korea Beeldredacteur Arjan de Jongh tipt een stuk over Kim Jong-Un.  Stop met zeggen dat er geen goede opties zijn voor Noord-Korea, schrijft Politico",1
326,1602,"NS-conducteur aangevallen met mes door zwartrijdster AMSTERDAM, 3 JAN.  Een conducteur van de NS is gisteravond in de trein van Utrecht naar Amsterdam gewond geraakt toen een 21-jarige vrouw zonder geldig plaatsbewijs hem met een mes aanviel",1
327,1607,François Fillon tijdens een campagnebijeenkomst in Aubervilliers.  Foto: Philippe Wojazer / Reuters François Fillon houdt vast aan zijn kandidatuur voor de Franse presidentsverkiezingen,1
328,1612,"Vroeger was het geen probleem Veel partijen waren altijd voor registratie, om minder-heden aan een baan te helpen.  De PVV wil het middel nu gebruiken om de orde te handhaven",1
329,1617,"Een luchtfoto van de Nepalese plaats Sindhupalchwok, verwoest door de aardbeving.  Foto EPA / Narendra Shrestha Naar schatting hebben 2,8 miljoen Nepalezen hun huizen verlaten na de aardbeving van afgelopen zaterdag",1
330,1622,"Gina Haspel Het Amerikaanse Congres hoort woensdag Gina Haspel, beoogd CIA-directeur.  Ze staat bekend als bekwaam én omstreden",1
331,1627,PSV’ers Strootman (links) en Wijnaldum na de 2-0 van ploeggenoot Matavz (niet zichtbaar).  Geheel links Twente-keeper Boschker,1
332,1632,"Balkenende wil moskee aanpakken Pas wanneer het openbaar ministerie de El Tawheed-moskee niet blijkt strafrechtelijk te kunnen vervolgen, wil het kabinet denken aan mogelijke wetswijzigingen die zouden kunnen leiden tot maatregelen tegen deze moskee.  Dat heeft premier Balkenende gisteren gezegd na afloop van de wekelijkse ministerraad",1
333,1637,"Arrestaties: hulp zelfmoord Een 58-jarige man uit het Drentse Nieuw Annerveen en een 77-jarige vrouw zijn aangehouden op verdenking van levensberoving op verzoek en hulp bij zelfdoding van een 81-jarige vrouw uit Groningen.  De twee zijn consulenten van de Drentse Stichting De Einder Noord, die informatie en begeleiding biedt aan mensen die een einde aan hun leven willen maken",1
334,1642,"Jan-Dirk Paarlberg (links) vlak voor een zitting bij de Amsterdamse rechtbank in 2009.  Foto ANP Paarlberg werd in 2010 al veroordeeld vanwege het witwassen van de ruim 17 miljoen euro die door Willem Holleeder was afgeperst van vastgoedhandelaar Willem Endstra en voor valsheid in geschrifte, belastingfraude en oplichting",1
335,1647,"'De pers wilde van ons af en kijk, dat is haar uiteindelijk goed gelukt'; Korpschef Wiarda over IRT-affaire en zijn transfer UTRECHT, 12 OKT.  Het beeldje staat op de vensterbank, achter de gordijnen",1
336,1652,"Rotterdam.  Twee mannen bereiden een claim voor tegen de katholieke kerk, vanwege seksueel misbruik in een jongensinternaat",1
338,1662,Vrolijke Figaro in gonzend Amsterdamse Bos Voorstelling: De scheiding van Figaro van Odön von Horváth door Stichting Theater het Amsterdamse Bos.  Vertaling en bewerking: Frances Sanders en Martine Vosmaer,1
339,1667,In het bericht over Julian Assanges verzet tegen uitwijzing naar Zweden (Assange verzet zich bij hof tegen ,1
340,1672,"Hooggerechtshof wijst beroep Libanezen af; Israel gijzelt al sinds jaren 21 Libanezen TEL AVIV, 5 MAART.  Israel houdt al jaren 21 Libanezen vast als onderpand voor een eventuele uitwisseling tegen Israelische gevangenen, onder wie de boordwerktuigkundige Ron Arad, wiens vliegtuig in 1986 boven Libanon werd neergeschoten",1
341,1677,`Ethiopië drong ons de oorlog op' De Eritrese president Issayas Aferworki is vandaag op bezoek in Nederland.  De in eigen land uiterst populaire politicus is tevens een sluw militair,1
342,1685,"Harde aanpak overtredingen in verkeer Om het aantal verkeersdoden en -gewonden terug te dringen, treft minister Eurlings (Verkeer en Waterstaat, CDA) nieuwe maatregelen.  Zo wil hij notoire verkeersovertreders hun rijbewijs sneller afnemen",1
343,1690,"Internatio-Müller uit de rode cijfers ROTTERDAM, 17 APRIL.  Het transport-, installatie- en handelsconcern Internatio-Müller heeft het afgelopen jaar een winst geboekt van 30,1 miljoen gulden",1
344,1695,"De surseance van Wassenaar Nu de inflatie toeneemt naar 4,5 procent en de looneisen verder stijgen, dreigt Nederland terecht te komen in een loon-prijsspiraal.  Wie vraagt het faillissement aan voor het Akkoord van Wassenaar dat aan de basis loonmatiging",1
349,1715,"Inkomsten van loodsen voorlopig niet omhoog DEN HAAG, 16 APRIL.  De loodsen zullen in de komende drie jaren vooralsnog geen jaarlijkse loon- en prijsstijging krijgen van anderhalf procent",1
350,1720,"Spelers Oranje onthutst over verlies, maar ook trots - Van Gaal: zo dichtbij De spelers van het Nederlands elftal hebben zeer teleurgesteld gereageerd op de uitschakeling na penalty’s tegen Argentinië, maar zijn ook trots dat Oranje dit WK zo ver is gekomen.  “We kunnen niemand iets verwijten, we hebben alles gegeven”, zei Robben na afloop van de halve finale",1
351,1725,"Herdenkingsdienst Sharon begonnen, begrafenis volgt later vandaag De kist met daarin het lichaam van oud-premier Ariel Sharon wordt de herdenkingsdienst in het Israëlische parlement (Knesset) ingedragen.  Foto Reuters / Ronen Zvulun In Israël is vanochtend de uitvaart van oud-premier Ariël Sharon begonnen",1
352,1730,"Vuilverbrander in Chandigarh, India (Foto Reuters)Vuilverbrander in Chandigarh, India (Foto Reuters) Voor wetenschappers die niet twijfelen aan de invloed van kooldioxide op de opwarming van de aarde, is het wel eens vermoeiend om bij iedere publicatie geconfronteerd te worden met een stroom van bloggers die het versterkte broeikaseffect in twijfel trekken.  Mij valt op, als ik met wetenschappers spreek, dat de toonzetting van hun publicaties vaak omzichtig en rustig is, in vergelijking met de zorgen die ze hebben over de gevolgen van klimaatverandering",1
353,1735,Moraaleconomen zijn weer populair De Nobelprijs voor de economie ging naar drie economen die onderzoek doen naar prijsvorming op de beurs.  Twee van hen hebben volstrekt tegengestelde theorieën,1
355,1745,Stop de Banken daagt ABN De actiegroep Stop de Banken heeft vanochtend ABN Amro voor de rechter gedaagd namens ruim 500 donateurs met een variabele hypotheek.  De actiegroep eist dat de bank de verdubbeling van ,1
356,1750,Amsterdam mist allure Wat een begeerlijke baantjes bestaan er toch.  In de Thalys uit Parijs las ik in een Nederlandse krant over de 49-jarige Trevor Davies die zich twee weken als `cultureel commentator' heeft mogen vermaken in Amsterdam,1
358,1760,Democratie Ethiopië staat stil Het is deze week precies tien jaar geleden dat de opstandelingen van Meles Zenawi de macht veroverden in Ethiopië.  Er is weinig reden tot feestvreugde,1
359,1765,"Zes-maands winst Zweedse SKF scherp omlaag De winst van het Zweedse concern SKF, de grootste fabrikant van kogellagers in de wereld, is in de eerste helft van dit jaar ",1
360,1770,"Brief van Huizinga over taximarkt schiet tekort Voor een taxichauffeur is het lucratiever toeristen uit te melken dan op prijs te concurreren.  Bind licenties aan personen en beperk het aantal, vinden Marcel Canoy en Broos Baanders",1
361,1775,"In de verschillende torens zijn oude wapenuitrustingen martelwerktuigen en de echte kroonjuwelen te zien.  Beefeaters geven de rondleidingen, er zijn ",1
362,1780,"Michel Houellebecq in 2010 Foto ANP Michel Houellebecq heeft de promotie van zijn nieuwe roman Soumission opgeschort, zo meldt De Standaard.  De Franse auteur was bevriend met de econoom Bernard Maris, een van de slachtoffers bij de aanslag in Parijs",1
364,1790,Oezbeek veroordeeld tot levenslang voor aanslag Stockholm Rakhmat Akilov reed in april 2017 in op een groep voetgangers in de Zweedse hoofdstad.  Vijf mensen kwamen om het leven,1
365,1795,"Geschil CDA en VVD over EU-uitbreiding Tussen coalitiepartners CDA en VVD is onenigheid ontstaan over een mogelijke Nederlandse blokkade tegen de toetreding in 2007 van Roemenië en Bulgarije tot de Europese Unie.  Het CDA wil de ratificatie van het desbetreffende toetredingsverdrag, die nog voor kerstmis dit jaar zou moeten plaatsvinden, uitstellen",1
366,1800,ALS MOEDERS HUN KINDEREN LATEN STERVEN Death without Weeping.  The Violence of Everyday Life in Brazil door Nancy Scheper-Hughes 614 blz,1
367,1805,"""We moeten anarchie in het onderwijs tolereren'; Kamerleden moeten tien jaar lang hun mond houden, vindt voorzitter Gevers van UvA Na het uitbrengen van haar advies over de toekomst van het leraarschap, is de commissie Van Es met haar rapport de boer op gegaan.  Gisteren organiseerde ze een conferentie in Den Haag, met onder meer minister Ritzen (onderwijs), premier Lubbers, voorzitter Rinnooy Kan van het VNO, en vice-voorzitter Adelmund van het FNV",1
368,1810,"Abu Dhabi schiet Dubai te hulp An Emirati man follows the stock market activity at the Dubai Financial Market in the Gulf emirate on December 14, 2009.  Dubai's stock market rose 10",1
371,1825,"Er woedt een grote schoonmaak onder besloten vastgoedfondsen, bleek vorige week.  Eenentwintig grote aanbieders, waaronder Bouwfonds REIM en Annexum, hebben gezamenlijk normen opgesteld voor een deugdelijke bedrijfsvoering, en laten prospectussen voor nieuwe fondsen toetsen door een onafhankelijke stichting",1
372,1830,"Werkgevers wijzen nullijn voor 1995 af DEN HAAG, 26 APRIL.  Het Nederlands Christelijk Werkgeversverbond (NCW) wijst een centraal akkoord met de vakbeweging over een nullijn voor 1995 af",1
373,1835,"Herontdekking van de wereld Voor de publieke omroep is het misschien een idee eens een documentaire aan de eerste oliecrisis te wijden, en aan de eerste autoloze zondag in de vaderlandse geschiedenis, op 4 november 1973 en de verwikkelingen die daaraan vooraf gingen en die erop volgden.  Waarom",1
374,1840,"Het opzwepende geluid van de Caribische brassband staat in schril contrast met het grauwe herfstweer buiten, maar in de ontvangsthal van hoofdkantoor Zilveren Kruis Achmea zorgt het voor de nodige sfeer.  Meer dan honderd mensen, onder wie medewerkers en patiënten van het failliete MC Slotervaartziekenhuis, zijn maandagmiddag naar Leiden afgereisd om verhaal te halen bij de zorgverzekeraar",1
375,1845,"Willem-Alexander leed aan ziekte van Besnier-Boeck Prins Willem-Alexander (31) heeft de ziekte van Besnier-Boeck gehad.  Dat heeft Eef Brouwers, directeur van de Rijksvoorlichtingsdienst, bevestigd",1
376,1850,"Northwest op zoek naar 300 miljoen dollar NEW YORK, 18 NOV.  Het Amerikaanse Northwest Airlines, waarin KLM een economisch belang van 20 procent heeft, is op zoek naar een lening van 300 miljoen dollar om een dreigend bankroet af te wenden",1
377,1855,President Taiwan trekt conclusie uit nederlaag De vertrekkende Taiwanese president Lee Teng-hui is vandaag afgetreden als voorzitter van de Kwomintang (KMT).  Lee heeft daarmee de verantwoordelijkheid genomen voor de historische nederlaag van de KMT in de presidentsverkiezingen van vorige week,1
379,1865,"Man voor marmer Als je maar oud genoeg wordt, raak je vanzelf vergeten, althans door het grote publiek.  Op het laatst ben je nog maar een stipje aan de horizon, dat pas wordt opgemerkt als het er opeens niet meer is",1
381,1875,De aanval kwam na een lange dag vasten Hoofdaanklager Ocampo pakt nu alle grote partijen in het conflict in Darfur aan.  De rechters moeten nu beslissen of er voldoende bewijs is voor een strafproces,1
382,1880,"Vertrouwen ondernemers in economie naar laagste peil in 2,5 jaar Het vertrouwen van Nederlandse ondernemers in de economie heeft het laagste niveau in tweeënhalf jaar bereikt.  Ondernemers zagen in juli vooral minder orders binnenkomen",1
383,1885,NRC-avond 100 jaar Bauhaus: invloeden en mythes Naar aanleiding van de tentoonstelling nederland – bauhaus,1
386,1905,"Participatiesamenleving.  Nee, de oude verzorgingsstaat De troonrede klinkt als van Mars, maar komt neer op de oude Venus",1
388,1915,"De Nederlandse kunstenares Erzsébet Baerveldt vereenzelvigt zich in haar werk sinds een aantal jaren met met de Hongaarse gravin Erzsébet Báthory (1560-1614).  Van deze gravin, die tijdens haar leven een nogal kwalijke reputatie genoot, bestaat slechts één schilderij dat samen met alle mythes rond Báthory voor Baerveldt het uitgangspunt voor bijna al haar werk vormt",1
389,1920,De Haagse Stemming Vandaag praat de Tweede Kamer over de uitbreiding van het geboorteverlof.  Schrijf je in om deze politieke nieuwsbrief per mail te ontvangen,1
390,1925,'Je moet vroeg met snooker beginnen' Zonder pak speel ik beter.  Die strik die knelt en kriebelt nogal,1
391,1930,Pianist die de draak uit zijn instrument wilde drijven Pianist Alexis Weissenberg oogstte tijdens zijn loopbaan zowel lof als kritiek.  In WO II ontkwam hij aan het kamp toen hij Schubert speelde,1
392,1935,"Ze zijn er in soorten en maten, theatershows waarin hedendaagse dans een pact sluit met hedendaags circus.  In No Sweat, van de Britse Generating Company, leeft een groep vrouwen zich uit op ‘aerial techniques’, waaronder varianten op tissu en trapeze",1
393,1940,Offensief met gerbera's en rozen Mexico wil de wereld gaan veroveren met bloemen.  Met Nederlandse technologie wordt de aanval ingezet op de dominante positie van `Aalsmeer',1
394,1945,Hoekstra belooft in te grijpen na nieuwe kritiek op accountants Jaarrekeningen Het controlewerk door accountants is nog steeds onder de maat.  Minister Hoekstra wil ‘fundamentele’ maatregelen nemen,1
395,1950,"Staatsoliebedrijf is schuldig aan ontploffing Guadalajara MEXICO-STAD, 27 APRIL.  De reeks gasontploffingen in de riolering van de Mexicaanse stad Guadalajara, waarbij vorige week ten minste 200 mensen om het leven kwamen, is te wijten aan een lekkage in een opslagtank met benzine van de Mexicaanse staatsoliemaatschappij Petróleos de México (Pemex)",1
397,1960,Pillendoos stuurt sms als patiënt pil vergeet Een beetje ‘Big Brother’ is het wel: de elektronische pillendoos.  Die stuurt je een sms als je vergeten bent je pillen in te nemen,1
398,1965,Groeien in online veiligheid Cloud computing en computerveiligheid zijn snelgroeiende markten.  Maar het vertrouwen in de cloud kreeg een tik door de uitval bij Amazon en anderen,1
399,1970,In België is de huisarts altijd te bellen Nederlandse huisartsen verdienen twee keer zo veel als hun Belgische collega`s.  Reden: minder patiënten,1
400,1975,Vorige week woensdag is in zijn woonplaats St.  Michielsgestel Jan Carel Elias graaf van Lynden (90) overleden,1
401,1980,Indiase minister wil wet vernoemen naar slachtoffer verkrachting Indiase vrouwen marcheren vandaag op weg naar het monument van Ghandi om de dood van de verkrachte studente medicijnen te herdenken.  Foto AP / Dar Yasin Indiase vrouwen marcheren vandaag op weg naar het monument van Ghandi om de dood van de verkrachte studente medicijnen te herdenken,1
402,1985,"India is een olifant die aan het ontwaken is, roepen ministers vaak wanneer het om de Indiase economie gaat.  Ook de Indiase minister van handel en industrie, Murasoli Maran, die de afgelopen dagen in Nederland was om investeerders voor zijn land te interesseren, bedient zich graag van die metafoor",1
403,1990,"Gemeente Den Haag onderzoekt intercitylijn naar Brussel AMSTERDAM - Een informatiebord boven het perron op station Amsterdam Centraal kondigt het vertrek aan van de Fyra, de nieuwe hogesnelheidstrein die Brussel-Zuid verbindt met Amsterdam.  De Fyra rijdt voorlopig dagelijks tien keer tussen beide stations, met haltes in Brussel-Centraal, Antwerpen, Rotterdam en Schiphol",1
404,1995,"Huntelaar blijft achter in Madrid Terwijl de selectie van Real Madrid gisteren de eerste training afwerkte in Ierland, stond Klaas Jan Huntelaar eenzaam op het veld in ",1
