,text,text_count
0,Vier boeken zoeken antwoorden Over de toekomst van welk land gáán de verkiezingen eigenlijk.  Vier boeken zoeken het antwoord,1
5,"Populisten in Zweden beschuldigen sociaal-democraten van racisme – onterecht volgens historici De extreem-rechtse Zweden Democraten, beschuldigd van racisme, stellen in een campagnefilm dat het juist de Sociaaldemocraten zijn die nazistische wortels hebben.  Historici maken gehakt van de claims",1
10,Gratis busvervoer ontlokt op A44 geen daverend gejuich Zuid-Holland experimenteert een jaar met snelle en gratis busritten van Leiden naar Den Haag.  De provincie is vol goede moed; de passagier 'moet het nog zien',1
17,"Hayarpi Tamrazyan is al sinds 2010 met haar Armeense familie in Nederland, maar ze weten niet of ze hier mogen blijven.  Beeld Arie Kieviet Zolang er een kerkdienst gaande is, mag de Dienst Terugkeer en Vertrek de kerk niet in, is het idee",1
20,"bellen metlandbouwverslaggever pieter hotse smit En weer trekken de boze boeren op naar Den Haag om te demonstreren tegen het stikstofbeleid van het kabinet.  Op het Malieveld zijn ze deze keer niet welkom, op het naastgelegen park Koekamp wel",1
25,"Smartfoto's De beste camera, zeggen fotografen, is de camera die je bij je hebt.  En dat is steeds vaker een iPhone",1
38,Geldvraag Duurzaam verbouwen Ons hypotheekvrije woning uit 1978 is toe aan verbetering.  We willen de verbouwing combineren met energiebesparende maatregelen,1
43,"Maffia zet rabbijn in Geslaagde thriller vol spitse dialogen 26 maart 2016, 02:00 Als een man van wie je vermoedt dat hij een huurmoordenaar is, in Las Vegas tegen je zegt dat 'we een stukje gaan rijden', dan weet je wel hoe laat het is.  En inderdaad, na een paar onnavolgbare dialogen is het zover, waarna de hitman tevreden kan constateren dat 'de menselijke schedel de allerbeste geluidsdemper is'",1
48,"Het sluitstuk van de Berber-bibliotheek en de levenslessen van Pieter Winsemius Pieter Winsemius over domme vragen, vrouwelijke wetenschappers die correspondeerden met Darwin en het sluitstuk van de Berber-bibliotheek.  Michail Saltykov-Sjtsjedrin Pegasus, € 21,50 Van de Russische satiricus Michail Saltykov-Sjtsjedrin (1826-1889) was tot dusver maar weinig in het Nederlands vertaald",1
53,"Just Fontein, Pieter Hotse Smit en Lennart Bloemhof 14 augustus 2016, 19:50 03. 25 uur, atletiek, 100 meter (m) De Jamaicaan beloofde al dat er geschiedenis geschreven zal worden",1
58,"Tijdens het snoeien van de tuin komt dr.  Alzheimer op bezoek Toine Heijmans 17 augustus 2018, 15:00 De vader van Toine Heijmans in Frankrijk, 1983",1
63,"Vooruit: een voor allen, en allen voor een Het uitstellen van besluiten is een hogere kunst in het Midden-Oosten.  Leven met het mes op de keel is een alledaags gevoel voor Israëli’s, Palestijnen en andere buurtbewoners",1
68,"Oud-Kamervoorzitter Brazilië 15 jaar cel in voor corruptie De voormalige Kamervoorzitter van Brazilië, Eduardo Cunha, is donderdag schuldig bevonden aan corruptie en veroordeeld tot een gevangenisstraf van ruim vijftien jaar.  Cunha, die in september uit zijn ambt werd gezet, speelde een sleutelrol in het gedwongen vertrek van president Dilma Rousseff",1
78,Time roept Angela Merkel uit tot 'Persoon van het Jaar' De Duitse bondskanselier Angela Merkel is door Time Magazine verkozen tot persoon van het jaar.  Dat heeft het tijschrift woensdag bekendgemaakt in de Amerikaanse ochtendshow Today Show,1
83,"Left, alone is onderhoudend, maar te bescheiden De componist die met sopraan Barbara Hannigan wereldfaam verwierf, brengt nu een ongewoon, onderhoudend pianostuk.  Merlijn Kerkhof 12 december 2016, 2:00 Pianist Alexandre Tharaud",1
88,"Joost de Vries 1 september 2017, 11:49 SP-Tweede Kamerlid Sharon Gesthuizen en Jan Marijnissen.  Beeld anp Uit idealisme sloot Gesthuizen zich als jonge vrouw van halverwege de twintig aan bij de SP",1
93,"Webcamlieveling oehoe laat zich even niet zien VAN ONZE VERSLAGGEVER CASPAR JANSSEN 3 maart 2014, 0:00 AMSTERDAM - De oehoe wil niet in beeld, dit ",1
103,"Redactie 27 augustus 2016, 21:30 De Turkse president Recep Tayyip Erdogan en minister-president Mark Rutte tijdens een gezamenlijke persconferentie in 2011.  Beeld anp Een Turkse consul-generaal stuurde een paar weken geleden een brief aan enkele burgemeesters in de Rijnmond over hoe te handelen bij demonstraties van tegenstanders van de Turkse regering",1
108,"'Laat je patiënt niet barsten' De zorgverlener kijkt alleen maar in z'n paperassen en niet meer naar de patiënt, zegt ethica Annelies van Heijst.  Zij pleit voor presentiezorg: houd mensen weg uit die peperdure ziekenhuismolen maar blijf ze wel nabij",1
113,"Voor wie snel de knop omzet en breed zoekt, is er gerust uitzicht op ander werk.  En echt niet alleen voor de jongeren",1
123,"Uit eten Bar-Bistro Madeleine Bij Bar-Bistro Madeleine in Utrecht mag alles Niks fijner dan een restaurant waar ze preciés alles serveren waarvan je nog niet wist dat je er zin in had.  Met grote goedgezindheid, sjeu en smaak: Madeleine in Utrecht is een echte aanrader",1
128,"30 jaar na Tsjernobylramp duiken opeens radioactieve wilde zwijnen op in Zweden Zwijnen eten truffels die straling bevatten van de Tsjernobylramp in 1986 Eric Van Den Outenaar 9 oktober 2017, 19:06 Een wild zwijn.  Foto anp De nieuwkomers steken hun snuiten diep in de aarde en verorberen truffels en paddenstoelensoorten die na al die jaren nog relatief hoge concentraties bevatten van de radioactieve stof Cesium-137",1
133,"De huidige president van de Europese Centrale Bank (ECB) dreigt een uniek record neer te zetten.  Mario Draghi heeft als hij dit najaar aftreedt, in zijn hele ambtstermijn van acht jaar nooit de rente verhoogd",1
138,"Advertentie van Open Universiteit Hoogleraar Lilian Lechner: ‘Sociale media kunnen het welzijn van eenzame ouderen verhogen’ Nederland vergrijst en telt steeds meer alleenwonende ouderen.  Sociale media kunnen helpen om bij hen gevoelens van eenzaamheid en onveiligheid te voorkomen, stelt gezondheidspsychologe Lilian Lechner",1
143,Shorttracker Sjinkie Knegt kan zich vandaag bij de Olympische Spelen opmaken voor zijn eerste finale.  De Fries bereikte de eindstrijd op de 1000 meter,1
148,Patstelling rond verkoop blank kalfsvlees Het staakt-het-vuren in het kalfsvleesconflict lijkt een kortstondig leven beschoren.  Een woordvoerster van Wakker Dier liet vrijdag weten dat de dierenwelzijnsorganisatie ‘zeer waarschijnlijk’ haar campagne tegen de verkoop van blank kalfsvlees hervat,1
158,"Arthur van Amerongen 13 juli 2015, 2:00 Het is nu zo heet dat mijn gekko's smelten.  Op de radio waarschuwt het Instituto Portugues do Mar e da Atmosfera voor bosbranden",1
163,De tolerantie ontmaskerd Tegelijk met de WTC-torens lijkt de mythe van de Nederlandse tolerantie te zijn ingestort.  Onderhuids heeft altijd wantrouwen gesluimerd jegens moslims,1
168,"Jan Pieter Ekker 15 april 2004, 0:00 Toen Jan Decleir vorig jaar op het Nederlands Film Festival een Gouden Kalf voor zijn gehele oeuvre kreeg, sprak hij de hoop uit dat het eerbetoon geen fin de carrière zou betekenen.  Het was misplaatste angst; Decleir, van 14 februari 1946, speelde sindsdien alweer een groot aantal memorabele rollen",1
173,"Fractievoorzitter Sybrand Buma op een CDA-congres in Nijmegen.  © ANP Door: Robert Giebels 4 november 2017, 17:24 ",1
178,Interview Rachid Guernaoui In Marokko is Rachid Guernaoui analfabeet: ‘Ik zou niet eens weten hoe ik een buskaartje moet kopen’ Rachid Gernaoui Beeld Casper Kofi Als kind kon Haagse wethouder Rachid Guernaoui (46) moeilijk aansluiting vinden bij de Nederlandse cultuur.  Nu voelt hij zich Hollander,1
184,"Vijf korhoenders uitgezet in Salland, 'meer zullen volgen' Op de Sallandse Heuvelrug lopen sinds vanavond vijf wilde, Zweedse korhoenders rond.  De uitgezette vogels moeten voorkomen dat de Nederlandse populatie uitsterft",1
188,"Eurofondsen zijn laagrenderende vluchtheuvel De onrust op de valutamarkten houdt ook de Nederlandse fondsbelegger flink bezig.  Een groot deel van de gangbare beleggingsfondsen belegt namelijk in Amerikaanse aandelen, obligaties of andere waardepapieren",1
193,Hackers foppen Samsung opnieuw: Galaxy S8 kan worden ontgrendeld met geprinte iris Na de gezichtsherkenning van de Galaxy S8 blijken hackers nu ook de irisscanner te kunnen foppen via een printje.  Beide ontgrendelingsmethodes zijn doorgevoerd op het nieuwste toestel van Samsung,1
203,"Huiver voor DNA in strafproces is overdreven Het gebruik van DNA-materiaal in het strafproces is geen inbreuk op de lichamelijke integriteit, meent Boris O.  Dittrich",1
208,Lerarenopleiding doodt alle talent en motivatie De universitaire leraren-opleiding heeft geen inhoud en duldt geen kritisch denkvermogen.  Marijn van Dijk en studeerde Nederlands aan de Universiteit van Amsterdam en volgde de Master Leraar Voorbereidend Hoger Onderwijs aan de VU,1
214,"Poetin: ‘Rusland op eenzame hoogte met nieuwe, hypersonische raket’ Redactie 28 december 2019, 4:36 De Russische president Vladimir Poetin (midden) tijdens een bespreking met de Russische militaire leiders dinsdag in het nationale defensie-controlecentrum in Moskou.  Beeld AP ‘Vandaag hebben we een unieke situatie in onze nieuwe en recente geschiedenis",1
218,Politie N-Ierland maakt op valreep bom onschadelijk In Noord-Ierland is zondag op het nippertje een bomaanslag verijdeld.  Een zware autobom (,1
223,"Kieren in het gordijn HET HERMETISCH GESLOTEN NOORD-KOREA LIJKT VOORZICHTIG CONTACT TE ZOEKEN MET HET WESTEN.  VERSLAGGEVER NELL WESTERLAKEN REISDE DOOR DE LAATSTE ORWELLIAANSE REPUBLIEK OP AARDE, LOGEERDE IN LEGE HOTELS EN ONTSNAPTE AAN HAAR BEWAKERS",1
229,"Facebook heeft toch niet zo’n zin in strengere Europese privacyregels voor al zijn gebruikers Laurens Verhagen 19 april 2018, 22:13 Mark Zuckerberg, CEO ",1
233,"Waar ter wereld je ook bent: mensen eten allemaal hetzelfde Het voedingspatroon van de wereldbewoners wordt steeds meer hetzelfde, blijkt uit onderzoek van onder meer Wageningen Universiteit.  Dat is een bedreiging voor de landbouw en wellicht ook voor de menselijke gezondheid, schrijven de onderzoekers in PNAS",1
239,"Anneke Stoffelen en Sybren Kooistra 20 november 2014, 2:00 Meerdere gemeenten zijn van plan om een deel van de zorg te laten afhangen van vrienden en familie.  Beeld anp Het inschakelen van de sociale ",1
243,"Carmen Wijnen 4 oktober 2014, 2:00 De site interiorjunkie. com, een interieur- en lifestyleblog, gebaseerd op Jacobs' 'passie voor interieur'",1
248,"18 augustus 2017, 23:00 Theater Alles is anders bij de Nederlandse vrouwenhockeyploeg na de exodus van bepalende internationals, die afscheid namen met een zilveren medaille op ",1
253,Ad Smit.  © Klaas Jan van der Weij / de Volkskrant Amsterdamse politiechef ontslagen wegens privé-uitgaven met politiegeld Korpschef Akerboom: 'Gedragingen zijn onaanvaardbaar' De Amsterdamse politiecommissaris Ad Smit is ontslagen 'wegens zeer ernstig plichtsverzuim',1
258,"Rembrandt twijfelde bij maken 'De Staalmeesters' Rembrandt heeft zijn wereldberoemde late werk De Staalmeesters tweemaal in detail uitgewerkt, tot hij voor de compositie koos die nu in het Rijksmuseum hangt.  Dit bevestigt onderzoek met nieuwe scantechnieken waarmee de verflagen zijn onderzocht",1
263,"Er is een knus Amerikaans pretpark waar christelijke waarden regeren én homo's welkom zijn.  Het heet Dollywood en is, jawel, van Dolly Parton",1
268,"Lezersbrieven Dinsdag 11 december Straks zijn er geen overlevenden meer die de verschrikkingen nog kunnen navertellen De ingezonden lezersbrieven van dinsdag 11 december.  Redactie 10 december 2018, 18:44 Schoolklas bij de gedenkplaat voor Nederlandse slachtoffers in Auschwitz",1
273,"Morid twijfelde over zijn geloof, zijn vriendin verlinkte hem in een volle moskee in Afghanistan Het persoonlijke verhaal van een Afghaanse vluchteling Morid moest vluchten uit Afghanistan toen zijn vriendin radicaliseerde en hem verlinkte met een stiekem opgenomen geluidsbandje.  Janny Groen 5 december 2017, 2:00 Morid Aziz, afvallige Afghaanse student (23)",1
278,"Hoe Jelte Jett werd Het wonderjoch dat afgelopen zomer de festivalpodia veroverde, heeft zijn eerste album klaar.  Wie gaat er schuil achter Jett Rebel",1
283,"A Chorus Line is muzikaal niet opzienbarend Halverwege de jaren zeventig verkeerde Broadway in een crisis, die parallel liep aan de economische narigheid.  Zingende acteurs en dansers stonden in een lange rij om een rol(letje) te bemachtigen",1
288,"Beschouwing Racestrateeg Verstappen Ze stond een beetje onwennig naast Max Verstappen, haar haren doorweekt door liters champagne.  Volgens Red Bull-teambaas Christian Horner had er alleen niemand meer recht om zondag met Verstappen in Brazilië op het podium te staan dan racestrateeg Hannah Schmitz",1
293,"Vrede, stabiliteit en anticommunisme wogen zwaarder dan rechtvaardigheid Arnon Grunberg 3 december 2014, 2:00 Diverse kranten meldden de dood van Alois Brunner, rechterhand van Adolf Eichmann.  Brunner wordt verantwoordelijk gehouden voor de moord op 128 duizend mensen",1
298,NAVO-ingrijpen in Kosovo-crisis galmt nog na in Azië Veel landen in Azië waren tegen het NAVO-ingrijpen in de Kosovo-crisis.  De gewapende minderheden kunnen het westerse succes immers aangrijpen om de strijd te intensiveren en te speculeren over westerse steun,1
303,"De roman Beatles uit 1984 van Lars Saabye Christensen – over vier fans in Oslo – is in de vertaling van Paula Stevens Yesterday geworden (De Geus; euro 24,90).  ‘Ik kom je tegen bij het kattevoer’, is de openingsregel van het titelgedicht in Kater van debuterend dichteres Froukje van der Ploeg (Nieuw Amsterdam; euro 14,95)",1
308,"Irene de Zwaan 23 januari 2018, 2:00 Vluchtelingenkamp Heumensoord.  Foto Marcel van den Bergh / de Volkskrant De Internationale Organisatie voor Migratie (IOM), die migranten begeleidt bij vrijwillige terugkeer naar het land van herkomst, krijgt sinds een half jaar wekelijks zo'n tien telefoontjes met vragen hierover - zowel van Syriërs die nog in de asielprocedure zitten als van Syriërs die al een verblijfsvergunning hebben",1
313,"Het zijn bedeesde meisjes, maar voor de terreurbeweging Boko Haram vormt hun klasje een radicaal opgestoken middelvinger.  Het onderwijs moet door",1
318,Terroristen die live een aanslag plegen.  De onmiddellijkheid van een vliegtuig die zich zichtbaar voor de kijker in een toren boort,1
323,AnalyseDraagplicht Is het een kwestie van tijd voordat u gemaskerd over straat gaat.  De westerse wereld raakt steeds meer in de ban van het mondkapje,1
333,"Bestuurder Haaksbergen: 'Ik heb 1000 procent zeker geremd' 'Ik heb 1000 procent zeker geremd', zei stuntman Mario ",1
338,"Door: Robert Giebels 25 april 2017, 18:18 Dat vinden de milieucommissies van de vier politieke partijen die nu de formatieonderhandelingen voeren.  De tekst kan zo dienen als die van het hoofdstuk in het nieuwe regeerakkoord over duurzaamheid, vinden ze",1
343,"Rechter gaat in de zaak Denk versus BNNVara voorbij aan regels van vertrouwelijkheid De uitspraak van de rechter dat journalisten stiekem een gesprek in de fractiekamer van Kamerlid Farid Azarkan mochten opnemen is slecht nieuws voor de democratie en de journalistiek, menen Egbert Dommering en Nico van Eijk, hoogleraar aan het Instituut voor Informatierecht.  Egbert Dommering en Nico van Eijk 20 augustus 2018, 16:27 ",1
348,"De Volkskrant tv-selectie voor maandag 5 december Redactie 5 december 2016, 2:00 Lake Bell in de door haar geschreven en geregisseerde film In a World.  2Doc: De claim - Zoektocht naar roofkunst uit WO II In deze documentaire volgt Ditteke Mensink de Restitutiecommissie, die zaken behandelt waarbij door de nazi's geroofde kunstschatten door Nederlandse Holocaustoverlevenden worden geclaimd",1
353,"Tv-tips maandag 22 april De Volkskrant film- en tv-tips voor maandag 22 april Kevin Toma 22 april 2019, 2:00 Buster Keaton en Natalie Talmadge in Our Hospitality (Buster Keaton en Jack G.  Blystone, 1923) Arte, 00",1
358,"Dynamiek, karakters, kippenvel 27/6, Bimhuis, Amsterdam TIM SPRANGERS 29 juni 2013, 0:00 THE AMSTERDAM REAL BOOK - Er wordt wel eens neerbuigend gedaan over de hardcore improvisatiecultuur van Amsterdam.  Zeker de jonge lichting lijkt met hun vaak op rock gebaseerde muziek op een stel losgeslagen vrijbuiters die provocerend de extremen zoeken",1
363,"'Jullie navelstreng trekt jullie nog steeds' Buiten, te midden van barbequende Surinamers, wordt 'Vene' verafgood als een popster van het 'R & B-genre'.  Geduw en getrek rond het staatshoofd",1
368,"Toen Job Cohen verklaarde dat de PvdA en de SP veel gemeen hebben, werd hem dat niet in dank afgenomen.  Nu doet zijn opvolger Diederik Samsom een nieuwe toenaderingspoging tot de partij van Roemer",1
373,"Albumrecensie Cecilia Bartoli – Farinelli Op haar nieuwe album eert Cecilia Bartoli de 18de-eeuwse castraat Farinelli ★★★☆☆ Guido van Oorschot 9 januari 2020, 16:22 De Italiaanse mezzosopraan Cecilia Bartoli liet zich in het verleden al eens op cd-hoesjes afbeelden als antiek standbeeld en als missionaris met een kale kop.  Dit keer draagt ze een baard",1
378,Lezersbrieven over seksisme: 'Ook hier lopen een heleboel 'Harvey's' rond' De affaire-Weinstein leidt in de VS en Frankrijk tot zelfonderzoek.  Journaliste Sandra Muller riep vrouwen op mannen door wie ze seksueel waren lastig gevallen - of erger - aan te geven: 'Verlink je varken',1
383,InterviewTanny Dobbelaar In veel families graaft wel iemand naar de voorouderlijke geschiedenis.  Het fenomeen intrigeert filosoof Tanny Dobbelaar,1
388,"Salo Muller, de oud-fysio van Ajax, gedenkt in De foto zijn in de Tweede Wereldoorlog omgekomen Joodse ouders Bart Jungmann 10 augustus 2013, 0:00 Salo Muller is zo'n magische naam uit het verleden, uit de lang vervlogen tijd dat Ajax nog met recht een jodenclub was en kon zijn.  Jaap van Praag zat voor, Bennie Muller en Sjaak Swart plaveiden de weg naar succes en Salo Muller kneedde hun benen",1
393,"postuum ricky jay (1946-2018) Ricky Jay (1946-2018): recordbrekend goochelaar met een imposante podiumpersoonlijkheid Mark Moorman 25 november 2018, 19:13 Ricky Jay in het Tiffany Theater in Los Angeles.  Beeld Getty Images Hij kon een ",1
398,"In Kasteel het Nijenhuis bij Heino, een locatie van Museum de Fundatie, is vanaf 19 februari een tentoonstelling te zien met werken die kunstenaar Anton Heyboer (1924-2005) maakte in zijn beginperiode tussen 1953 en 1960.  Dat heeft het museum vandaag bekendgemaakt",1
408,"Paul Onkenhout 16 februari 2018, 19:16 Wetenschappers van een genetisch onderzoeksbureau uit Rotterdam, Omnigen, gaan het wangslijm van Feyenoord-supporters analyseren.  Het dna-onderzoek moet duidelijk maken of het veelgenoemde 'Feyenoord-gen' bestaat",1
413,Tweede Kamerlid Madeleine van Toorenburg (CDA) stelt zich kandidaat voor het voorzitterschap van de Tweede Kamer.  Dat heeft haar partij vrijdag laten weten,1
418,"Schoonmakers zijn tekortgedaan, zegt de NS een jaar na de staking Ze pikten het niet langer en voerden negen weken actie.  De strijd is nog niet gestreden, maar het gaat beter",1
423,"NIEUWSECONOMISCHE MAATREGELEN CORONACRISIS Gijs Herderscheê 17 maart 2020, 21:54 De ministers Eric Wiebes (Economische Zaken), Wopke Hoekstra (Financiën) en Wouter Koolmees (Sociale Zaken en Werkgelegenheid) tijdens een persconferentie op het ministerie van Justitie en Veiligheid over de steunmaatregelen voor bedrijven in coronacrisis.  Beeld ANP Een reeks ministers beloofde dinsdagavond ‘alles op alles’ te zetten om ondernemingen en werkenden overeind te houden nu de bedrijvigheid in veel sectoren plotseling volledig stilvalt",1
428,"NieuwsE10-bezine E10-benzine is groen, maar wel korter houdbaar Groene E10-benzine heeft een probleem: hij is een stuk minder lang houdbaar.  Waar ‘gewone’ benzine zeker zes maanden goed blijft, zou de kwaliteit van E10 al na drie maanden verslechteren",1
433,"Vijf Vragen Over Syrië Natalie Righton 1 oktober 2018, 19:42 Bloks positie is precair, niet in de laatste plaats omdat coalitiegenoot CDA hem verwijt geen open kaart te spelen over de fouten die zijn gemaakt.  Dit zijn de vijf vragen waar Blok een zinnig antwoord op moet formuleren, wil hij zijn geloofwaardigheid als bewindspersoon behouden",1
438,"Luc, de man die beslist geen affaire zou beginnen: ‘Ze kende me niet alleen, ik was van haar en zij van mij’ Ondanks de liefde voor zijn vrouw openbaarde onmiddellijke grote liefde voor zijn collega zich aan Luc, het ­onomkeerbare bewijs dat de enige ware dus wel bestaat.  Corine Koole 7 juni 2019, 15:00 ‘Het was oktober 2015 toen ik aan het einde van de middag na een vergadering nog wat napraatte met een vrouwelijke collega",1
444,"Door: Gijs Herderscheê Robert Giebels 27 april 2015, 02:00 Dit laat Lodewijk Asscher (PvdA), vice-premier en minister van Sociale Zaken en Werkgelegenheid, weten.  'Loonkostensubsidie en (hogere) arbeidskorting werken dan als een banenbonus",1
448,"Rechters en advocaten in de bres voor rechtshulp 16 december 2008, 11:39 DEN HAAG (ANP) - Zowel advocaten als rechters maken zich zorgen over de aangekondigde bezuinigingen op de gesubsidieerde rechtshulp.  De advocaten uiten hun zorgen woensdag op het Plein in Den Haag, tijdens een demonstratie",1
453,'Internet kan onze democratie verdiepen en versterken' Is ons 160 jaar oude systeem aan vervanging toe nu burgers op zoveel manieren direct contact kunnen hebben via internet.  Morrelen aan het systeem heeft zo z'n risico's,1
463,"‘Militairen handelden correct bij doodschieten Spaanse journalist’ De Amerikaanse militairen die in april 2003 in Bagdad een Spaanse journalist doodschoten, hebben correct gehandeld.  Dit heeft het Amerikaanse ministerie van Defensie woensdag gezegd in een reactie op Spaanse arrestatiebevelen tegen drie Amerikaanse militairen",1
468,"opinieHet grootste gevaar voor de atol-eilanden in de Stille Oceaan is dat het zoet water verdwijnt.  Leo Meyer consultant en werkte voorheen voor IPCC en PBL 7 november 2016, 02:00 Hoe langer we wachten met terugdringen broeikasgasuitstoot, hoe duurder het wordt Uiteindelijk kan zeespiegel tot meer dan 10 meter stijgen frank§vrij - dinsdag 8 november 10:10 Lomborg kan gelijk hebben, dat de wereldwijde 'paniek' om het COPP-akkoord de economie kan vertragen",1
478,Beschouwing tentoonstelling malware Van Anna Kournikova tot WannaCry: Van de Poel laat ze draaien of maakte artistieke interpretaties.  Nu te zien in Het Nieuwe Instituut in Rotterdam,1
483,Nuttig voorwerk IN één week tijd heeft de commissie-Bakker méér over de affaire-Srebrenica boven tafel gekregen dan menig scepticus tevoren had gevreesd. ,1
488,"The Fountainhead - een gewaagd ideeënroman The Fountainhead naar Ayn Rand door Toneelgroep Amsterdam, regie Ivo van Hove, bewerking Koen Tachelet Stadsschouwburg, Amsterdam t/m 21/6 en vanaf 26/8 t/m 21/9; toneelgroepamsterdam. nl Hein Janssen 6 augustus 2014, 16:44 Hij wilde het al heel lang, Ivo van Hove: een theaterbewerking maken van Ayn Rands cultboek The Fountainhead, uitgegeven in 1943",1
493,'Bijstandsfraude digitaal opsporen' Het net rond frauderende bijstandsontvangers wordt aangehaald.  Gemeenten mogen meer gegevens aan elkaar koppelen om misbruik op te sporen en om schijnbaar spoorloze fraudeurs te vinden,1
498,"Oranje kan Uruguay, Colombia en Italië nog voorbij op FIFA-lijst Wordt Oranje groepshoofd tijdens het WK voetbal of niet.  Om die vraag draait het tijdens de interlands van dinsdag",1
503,"Nieuws stroopwafel gaat internationaal Oerhollandse lekkernij: ‘stroepwoffel’ maakt furore in Amerikaans profbasketbal De oerhollandse stroopwafel doet zijn intrede in de Amerikaanse sportwereld.  In de NBA, de nationale basketbalcompetitie, gebruiken spelers de lekkernij om hun energie op peil te houden – soms tijdens de wedstrijd",1
508,"'Maria Balshaw nieuwe directeur vier Britse musea Tate' Maria Balshaw wordt volgens Britse kranten de nieuwe directeur van Tate, dat uit vier musea bestaat: Tate Modern en Tate Britain in Londen en twee vestigingen in Liverpool en St Ives.  Balshaw is door de raad van toezicht van het Tate verkozen, maar is nog niet benoemd omdat haar voordracht nog moet worden bekrachtigd door premier Theresa May",1
513,"De nieuwe Stones is een week oud en doet verlangen naar meer.  Meer rauwe grotestadsblues, en als het kan ook nog wat meer Little Walter",1
518,"nieuwsbrief donderdag 27 december Volkskrant Avond: Fietsfabrikant maakt het fietsendief veel te makkelijk | Vliegende superrijken trekken zich weinig aan van klimaatdebat Redactie 27 december 2018, 20:27 Demonstranten in Congo bestormen ebolacentrum tijdens verkiezingsonrust In het oosten van de Democratische Republiek Congo hebben demonstranten donderdag een ebolacentrum aangevallen, waarna patiënten op de vlucht sloegen.  In delen van het Afrikaanse land heerst sinds woensdag onvrede over de aankondiging van de regering de verkiezingen in drie ",1
523,De koningin van het Witte Huis Zondag overleed de 94-jarige Nancy Reagan.  Van 1981 tot 1988 was ze de koningin van het Witte Huis,1
528,"Nico Meijering, de advocaat van Bhagwandath P.  © ANP Man moet 58,5 miljoen aan crimineel geld terugbetalen aan staat De 42-jarige Bhagwandath P",1
533,"Er schijnen twee heldere stippen vanaf dwergplaneet Ceres de Melkweg in, en vooralsnog heeft geen enkele wetenschapper ook maar enig idee wat die stippen kunnen zijn.  Lennart Bloemhof 26 februari 2015, 16:03 De foto van Ceres, gemaakt op 19 februari, met op het midden van de dwergplaneet de twee heldere stippen",1
538,"Volkskrant Ochtend: Elektriciteitsnetwerk kan stroom uit lokale groene projecten niet aan | Waarom het ‘gemeentebordeel’ in Amsterdam mislukte Redactie 11 januari 2019, 7:34 Het pand van ‘My Red Light’ op de Oudezijds Achterburgwal, naast de Boomsteeg.  Beeld Guus Dubbelman / de Volkskrant Elektriciteitsnetwerk kan stroom uit lokale groene projecten niet aan Lokale groene energieprojecten kunnen niet doorgaan doordat zij hun stroom niet kwijt kunnen",1
543,"Sheila Sitalsing 21 juni 2018, 23:16 Wanneer ze in Brussel zijn, voor een samenzijn met hun Europese collega’s, lopen Nederlandse politici graag al vingertjezwaaiend de oud-calvinistische wijsheid te debiteren ‘dat je het dak moet repareren wanneer de zon schijnt’.  Dat je dijken moet aanleggen wanneer het water laag is",1
549,"Wagonlading problemen bij invoering Fyra De Nederlands-Belgische hogesnelheidstrein V250 Albatros, beter bekend als Fyra, is het resultaat van een jarenlang traject van plannen, investeren en vooral uitstellen.  Een chronologisch overzicht",1
553,"Deze pil kost 1,50 om te maken, en toch kost hij 1000 euro Geweldig nieuws voor hepatitis-C-patiënten: eindelijk is er een pil die hun leven kan redden.  Maar de fabrikant weet dat hij goud in handen heeft",1
558,"Obama: aanslagen Parijs 'ziekmakende' tegenslag in strijd tegen IS De aanslagen in Parijs zijn een 'verschrikkelijke en ziekmakende tegenslag' in de strijd tegen IS.  Dat zei de Amerikaanse president Obama maandag in Turkije, waar de G20-top plaatsvindt",1
563,Het verhaal van de zon die weer op de terugtocht gaat De mythologiserende mens (1).  Vandaag is de langste dag van het jaar,1
568,"‘Met verhalen wil ik de wereld in beweging zetten’ ‘Theatraal verteller’ Wijnand Stomp struint al twintig jaar Suriname, de Antillen en Afrika af naar verhalen en geeft ze vervolgens een universele lading mee. ",1
573,"Nieuws Algerije Opnieuw protesten in Algerije tegen herverkiezing president Bouteflika Tienduizenden Algerijnen hebben zondag opnieuw gedemonstreerd tegen een vijfde ambtstermijn voor de huidige president Abdelaziz Bouteflika.  In Algiers verzamelden zich honderden studenten op een campus niet ver van de Constitutionele Raad, waar kandidaten voor de presidentsverkiezingen zich zondag voor het laatst konden inschrijven",1
583,"Referendumwet zet ons op spoor naar bananenrepubliek Het kabinet heeft gisteren nog geen besluit genomen over het indienen van een 'intrekkingswet', een wet die een eerder met grote meerderheid in de Kamer aangenomen 'goedkeuringswet' betreffende de ratificatie van het associatieverdrag met Oekraïne - weer intrekt.  Premier Rutte heeft het zoeken naar een 'geitenpaadje' nog niet opgegeven en intussen zoekt minister van Buitenlandse Zaken Koenders naar een 'muizengaatje'",1
588,"De Inuit kennen vele verschillende woorden voor sneeuw - Klopt dit wel.  Berichten verspreiden zich vaak razendsnel, of ze nu kloppen of niet",1
593,"Digitale lekkage bij Hippocrates Het beroepsgeheim van de arts waarborgt de privacy van de patiënt.  Maar hoe zit dat, nu de dokter steeds meer wordt ingesponnen in elektronische netwerken",1
598,"Redactie 27 april 2019, 6:19 Sri Lankaanse veiligheidstroepen beveiligen een huis op 21 april 2019.  Beeld AP Veiligheidstroepen wilden vrijdagavond in Sammanthurai, in het oosten van Sri Lanka, een onderduikadres van islamitische strijders bestormen",1
603,"Billie & Seb grijpt je nooit werkelijk bij de kladden Boekrecensie (fictie) - Ivo Victoria Duistere bildungsroman neemt je niet mee.  Persis Bekkering 11 februari 2017, 2:00 'Het geweer was een opluchting', opent de vierde roman van Ivo Victoria (1971), Billie & Seb",1
608,"De kamer heet appartement, de gang heet straat.  Het Gooise Godelinde is geen verzorgingshuis meer, maar een wooncomplex voor ouderen waar zorg op maat kan worden ingekocht",1
613,"Volkskrant Ochtend Woensdag 3 april 2019 Volkskrant Ochtend: Kernenergielobby wil Borssele langer open houden | Geschorste priester: ‘Alleen met eerlijkheid valt de kerk te redden’ Redactie 3 april 2019, 7:31 De Kerncentrale in Borssele Beeld Raymond Rutting / De Volkskrant Kernenergielobby wil Borssele langer open houden De Nederlandse nucleaire industrie pleit voor het langer openhouden van de kerncentrale in Borssele.  Daarmee wordt tijd gekocht om nieuwe kerncentrales te bouwen, die gezamenlijk 20 procent van de Nederlandse stroomproductie (3000 megawatt) voor hun rekening zouden moeten nemen",1
618,Het Eeuwige Leven Hans Heres (1945-2018) ’s Lands laatste communistische wethouder Veertig jaar zat de rode Groninger in het gemeentebestuur.  Tegen wil en dank: politiek ‘was voor hem geen hobby: ‘Je doet het omdat het moet,1
623,De newsroom van The Washington Post.  © AFP Washington Post ontmaskert rechtse activist die krant in diskrediet wilde brengen De strijd tussen waarheid en verzinsels is in Amerika in een nieuwe fase terechtgekomen The Washington Post heeft een rechtse activist ontmaskerd die met een verzonnen verhaal naar de redactie was gestapt met de kennelijke bedoeling de krant in diskrediet te brengen,1
628,"OmslagBoekontwerpen VS De Amerikanen hebben een lange traditie van uitstekende boekcovers Amerikaanse jury waardeert ook de traditie.  Erik van den Berg 16 juli 2020, 16:40 Een van de winnaars van 50 Books 50 Covers 2019: Alaina Sullivans omslag voor Aldo Sohms wijngids Wine Simple",1
633,"Jongens als Mids maken het goochelgebeuren sexy Tommy Mids Wacht, ik pak even mijn goocheldoos.  Peter Buwalda 6 februari 2015, 2:00 Veel kinderen vragen zich voor het inslapen af waarin ze zouden willen uitblinken",1
638,Rol van prooi dreigt voor ABN Amro Bij fusiegeruchten in de bankensector wordt sinds een klein jaar altijd ABN Amro genoemd.  Dat is niet per se onzin,1
643,Waarom het universum zoveel zwaarder is dan verwacht.  Steriele neutrino's Leidse astrofysici denken te hebben ontdekt waarom het universum zoveel zwaarder is dan op grond van alle zichtbare sterren en nevels te verwachten is,1
658,"Zal straks ook een sterke euro worden vervloekt.  Peter de Waard 30 augustus 2017, 2:00 De euro is zeven jaar lang vervloekt als een bananenrepubliekvaluta",1
664,Brazilianen furieus op 'dief' uit Amerika 'Dief'.  Met vuistgrote letters en een foto van de dader over de hele voorpagina vatte Brazilië's belangrijkste sportkrant woensdag samen hoe de natie scheidsrechter Esfandiar Baharmast ziet,1
668,"Dit is het lelijkste gebouw van Groot-Brittannië Het gebouw Nova Victoria in Londen wint de 'oppersteenpuist' als lelijkste gebouw van Groot-Brittannië; vakblad Building Design 'lauwert' de glazen kantoorkolos van PLP.  Patrick van IJzendoorn 6 september 2017, 18:44 Het Nova Victoria in Londen",1
673,Olieramp Siberie dreigt stuwmeer te vervuilen De Russische autoriteiten zijn een schoonmaakoperatie begonnen na een lekkage uit de Transsiberische oliepijpleiding.  Volgens het ministerie voor Rampenbestrijding is eind vorige week ruim 3500 ton olie in het milieu terechtgekomen,1
678,Van der Breggen in topvorm mag dromen van hattrick Na haar zege in de Amstel Gold Race is Van der Breggen woensdag voor de derde maal de beste in de Waalse Pijl.  Met zondag Luik-Bastenaken-Luik ligt een andere hattrick in het verschiet,1
683,"Een theaterstuk zonder rode draad: het werkt verrassend goed (vier sterren) Regisseur Jetse Batelaan doet een theatraal gokje naar wat er was vóórdat we verhalen verzonnen Annette Embrechts 24 september 2018, 17:57 Het Verhaal van Het Verhaal door Theater Artemis en Het Zuidelijk Toneel Beeld Kurt Van der Elst Door Theater Artemis en Het Zuidelijk Toneel.  Regie Jetse Batelaan",1
689,Toyota roept tienduizenden auto's in Nederland terug om mogelijk defecte airbags en filters Toyota roept tienduizenden auto's in Nederland terug naar de dealer.  Vanwege mogelijke problemen met zogenoemde gordijnairbags worden er 17,1
693,Ombudsman laat zien hoe een fout een blunder wordt Veel vragen zijn er sinds het aantreden van Reinier van Zutphen als Nationale Ombudsman.  Vooral over waarom de Kinderombudsman moet vertrekken,1
698,"Het noorden herkent zich niet in verwijten: ‘Wij drukken ons niet, we doen wat we kunnen om Brabant te ontlasten’ Boven de rivieren zouden ziekenhuizen niet doordrongen zijn van de ernst van de coronacrisis en te weinig doen om patiënten uit Brabant over te nemen, stelde intensivist Diederik Gommers woensdag in de Tweede Kamer.  In het zenuwcentrum van de evacuaties in Drachten herkennen ze zich niet in dat beeld",1
703,"Brits toneeldier bereikte perfectie met zachte hand De in Engeland klassiek geschoolde acteur en regisseur Adrian Brine wist precies hoe hij het publiek moest bereiken.  Peter de Waard 3 juni 2016, 2:00 Adrian Brine",1
708,"Robert Vuijsje 15 juni 2020, 16:06 Rockzanger Dinand Woesthoff zat een keer met zijn vader in de auto, op de Laan van Meerdervoort in Den Haag.  ‘Naast ons stopte een dikke Chevrolet met het dak open",1
713,"De protesten tegen de terugkeer van Rusland in de schoot van de internationale sport nemen de vorm van een opstand aan.  Donderdag beslist het mondiale anti-dopingagentschap Wada over het herstel van de positie van Rusada, het Russische agentschap dat sinds drie jaar is geschorst wegens het grootscheepse bedrog bij de Olympische Winterspelen van Sotsji (2014)",1
718,Invloedrijke speler uit de boekenbranche voegt zich bij uitgeverij van jonge honden Mizzi van der Pluijm vertrekt als directeur/uitgever bij Atlas Contact.  Dat maakte algemeen directeur Wiet de Bruijn van Uitgeversgroep Veen Bosch & Keuning (VBK) vanmiddag bekend,1
723,Het is een steeds populairdere ontsnappingsroute voor criminelen: president worden.  Als staatshoofd ben je onschendbaar en kun je niet veroordeeld worden voor misdaden die je in het verleden hebt gepleegd,1
727,"NieuwsZuid-Amerika De stroomstoring in Argentinië, Uruguay en Paraguay is bijna volledig verholpen.  Zondag kwamen bijna vijftig miljoen Zuid-Amerikanen zonder stroom te zitten ‘doordat een fundamentele systeemverbinding uitviel’, aldus de Argentijnse energieminister",1
732,"Orkaan Jose spaart Sint Maarten, marine weerspreekt geruchten over ontsnapte gevangenen Jose, een orkaan op de hielen van Irma, heeft de eerder zwaar getroffen Caribische eilanden grotendeels links laten liggen.  De schade lijkt volgens de eerste berichten daarom mee te vallen, al moet deze nog wel worden geïnventariseerd",1
737,Koning Willem-Alexander treedt terug uit IOC Willem-Alexander zal als koning van Nederland terugtreden als lid van het Internationaal Olympisch Comité (IOC).  'Tijdens zijn aantreden in 1998 bij het IOC heeft hij dat gezegd en hij heeft dat destijds ook zo met het kabinet afgesproken,1
742,"Langeveld eindelijk in het rood-wit-blauw Volgens Niki Terpstra, tweede op het NK, hebben de machtsblokken Belkin en Giant zondag hopeloos gefaald.  Winnaar Langeveld ziet dat iets anders",1
748,"Turkije moet een nieuwe, expliciet religieuze grondwet krijgen waarin het idee van een seculiere staat wordt afgewezen.  Dat heeft de Turkse parlementsvoorzitter Ismail Kahraman maandagavond gezegd",1
752,"Van Raaij: PSV, ga gewoon verder met Cocu en Faber Harry van Raaij genoot afgelopen weekend van de wederopstanding en galavoorstelling van PSV tegen SC Heerenveen (5-1).  De mannen van interim-trainer Phillip Cocu doen nog altijd volop mee in de titelrace",1
757,Een minderheidskabinet waarin niemand hoeft te zeggen dat hij meloenen uit het regeerakkoord aan het doorslikken is Sheila ,1
762,"Verplicht korter werken is een peperduur idee 'Als Europa', schreef Peter de Waard deze week in zijn rubriek, 'moet kiezen tussen een maatschappij waarin de helft van de beroepsbevolking 40 uur werkt of iedereen 20 uur, is dat debat zo gek nog niet. ' De Waard deed zijn uitnodiging tot debat naar aanleiding van de oproep in Duitsland om werk zo te herverdelen, en de kritiek hierop van Nederlandse economen",1
767,De vier zonder verandert in een dubbelvier In het jaar voorafgaand aan de Olympische Spelen is de bemanning van de Nederlandse vier zonder stuurman aan het twijfelen geslagen. ,1
777,"'De EU als waakhond voor democratie is een gotspe' Grijp de eurocrisis niet aan om onze democratie door Brussel te laten uithollen, schrijft Alfred Pijpers.  OPINIE - Alfred Pijpers 6 mei 2013, 6:00 Minister Frans Timmermans",1
787,"Missie in Uruzgan krijgt andere naam De oorspronkelijke naam voor de gevaarlijke Nederlandse missie in het zuiden van Afghanistan, Unicorn, is bij de manschappen slecht gevallen en door Defensie vervangen door de naam Taskforce Uruzgan. ",1
792,"Frank Hendrickx 23 augustus 2019, 18:42 Minister Wopke Hoekstra van Financiën tijdens de presentatie van het koffertje met de rijksbegroting en miljoenennota vorig jaar.  Beeld Freek van den Bergh In 2020 moeten vooral de lagere- en middeninkomens er volgens de coalitie dan écht op vooruitgaan",1
797,"Top Robeco moet na enkele maanden alweer vertrekken De Japanse grootaandeelhouder Orix heeft hard ingegrepen in de top van Robeco.  Een nieuwe organisatiestructuur, waarbij de vermogensbeheerder een van de vijf dochterondernemingen wordt van de holding Robeco Group, leidt tot het vertrek van topman David Steyn en van president-commissaris Bert Bruggink",1
802,Kramer snel op 5000 meter Sven Kramer heeft zaterdag bij testwedstrijden op de schaatsbaan van Inzell een uitstekende tijd gereden op de 5000 meter.  De Friese favoriet voor goud in Sotsji noteerde 6,1
807,"Sinds het draaidingetje na de verhuizing zoek bleek, was ons leven hard achteruit gegaan Thomas van Luyn 5 juni 2020, 15:00 Onze melkopschuimer was zijn draaidingetje kwijt, het dingetje onderin dat draait.  Zonder dat wordt de melk niet geroerd in de opwarmbeker, dan wordt hij alleen maar heet en aangebrand",1
812,De succesvolste voorstelling uit 50 jaar De Nationale Opera In zijn jubileumweekend presenteerde De Nationale Opera de succesvolste voorstelling uit z'n 50-jarige historie.  Toch ging je niet onvoorwaardelijk door de knieën voor Dialogues des Carmélites van Francis Poulenc,1
817,"Door: Redactie 14 maart 2017, 08:45 Wilders en Rutte voor aanvang van het debat.  © AP Rutte lacht naar ",1
822,"Wat is de economische promotiewaarde van een prins.  Prins Constantijn zet zich in voor ondernemerschap, maar speelt niet graag de koninklijke kaart",1
827,"Fallujah - 17 resultaten De eerste gevluchte families keren terug naar het op IS heroverde Fallujah.  De Iraakse stad is grotendeels ontruimd na een bezetting van 2,5 jaar en de hevige strijd van juni",1
832,"Margreet Vermeulen 3 januari 2020, 15:01 Kerstfeeestje op kantoor, 1930.  Beeld Getty Het overkomt iedereen weleens: dat je onder invloed van alcohol iets doet waar je je achteraf voor schaamt",1
842,Eerste competitienederlaag voor Tottenham tegen Chelsea Tottenham Hotspur heeft de eerste competitienederlaag van het seizoen geleden.  In een beladen stadsderby wist koploper Chelsea de stugge ploeg van Mauricio Pochettino met 2-1 te verslaan,1
847,"Is Piet Paulusma de betere econoom.  Als de Europese Centrale Bank ervoor kiest de rente te verlagen, zijn de effecten van dit besluit vooraf getest met een economisch model dat uitgaat van een gemiddelde burger die rationeel handelt",1
852,"Biergigant AB InBev slokt Kwak-bier op De Belgische speciaalbieren Kwak en Tripel Karmeliet komen in handen van AB InBev.  De Belgisch-Braziliaanse biergigant maakte donderdag bekend bierbrouwer Bosteels, die de biertjes maakt, over te nemen",1
857,"Theo Loevendie's Laps is alleen in theorie spannend Werken van Janssen, Loevendie, Torstensson en Brophy door het Asko Ensemble, het Schönberg Ensemble en Het Trio o. l",1
862,"Jarenlang had Banksy lak aan auteursrecht.  ‘Copyright is for losers’, was een van de motto’s die de anonieme straatkunstenaar op muren had gezet",1
867,VS heropenen debat over plaatsing kruisraketten De Verenigde Staten overwegen kruisraketten te plaatsen op Europees grondgebied.  Het Pentagon ziet dat als een van de mogelijke antwoorden op de Iskander-raket die Rusland ontwikkelt,1
872,EU ontstemd over Russische importstop vlees De Europese Unie is ontstemd dat Rusland haar grenzen heeft gesloten voor zeventig Europese vleesbedrijven.  De importstop van varkens- en kippenvlees kost ,1
877,"Signalementen: Michael Palin, Lévi Weemoedt, Guus Kuijer en Frans Verhagen Opbeurende nieuwsverhalen, de mooiste versjes van Weemoedt, een ijzingwekkend reisverhaal van Palin, Kuijers bijbel en andere net verschenen titels.  Redactie 26 oktober 2018, 15:46 Michael Palin; Spectrum, € 24,99 Michael Palin (1943) geniet nog steeds faam als een van de leden van Monty Python’s Flying Circus, het satirische programma rond John Cleese dat tussen 1969 en 1974 een legendarische status bereikte",1
882,VS zet uitzonderlijk middel in tegen zika: negatief reisadvies voor Miami Angst voor het zika-virus heeft in de Verenigde Staten geleid tot een uitzonderlijke maatregel: een binnenlands negatief reisadvies.  Zwangere vrouwen wordt aangeraden een deel van de stad Miami in Florida te mijden,1
887,"Vijftien Cubaanse diplomaten moeten binnen een week de Verenigde Staten verlaten.  De maatregel is genomen omdat Cuba heeft 'gefaald afdoende maatregelen te nemen' om Amerikaans diplomatiek personeel in Cuba te beschermen, zei minister van Buitenlandse Zaken Rex Tillerson dinsdag",1
892,"'Suggestie van Zalm is verstandige, ook al is hij niet de ideale boodschapper' Bankier Gerrit Zalm heeft de VVD ingehaald - hypotheken moeten afgelost worden, en niet alleen door starters.  Een goed punt, vindt Martin Sommer",1
896,"Hoe Coolblue de markt verovert 'Echte banen, dit zijn échte banen,' zegt directeur en medeoprichter Pieter Zwart van webwarenhuis Coolblue.  De snelgroeiende onderneming (omzetgroei van ruim 50 procent naar 555 miljoen euro) wil komend jaar, geheel tegen de tijdsgeest van flexibilisering, minimaal duizend medewerkers in dienst nemen",1
901,"Propagandamachine IS lijkt nauwelijks nog te draaien De propagandamachine van terreurgroep Islamitische Staat (IS), die de afgelopen jaren meer dan 30 duizend buitenlandse strijders naar Irak en Syrië heeft gelokt, komt steeds meer tot stilstand.  De hoeveelheid video's, foto's, audiobestanden en berichten op sociale media die door IS worden verspreid, is sinds het hoogtepunt in de zomer van 2015 met zeker driekwart gedaald",1
906,Bespreking Fotografie Afrikaanse foto's van begin 20ste eeuw: met de blik op het nieuwe zelf Foto’s uit het Senegal van begin 20ste eeuw getuigen van een omslag: exotisme en kolonialisme hebben plaatsgemaakt voor een eigen beeldtaal.  En dat levert onverwacht prachtige beelden op,1
911,"14 juli 2017, 11:58 Justitie in de Verenigde Staten, Canada en Thailand hebben in een gezamenlijke actie AlphaBay weten te sluiten.  Dit volgde op invallen in huizen in zowel Thailand als Canada op 5 juli",1
916,"Leven vechters langer.  Veel kankerpatiënten voelen zich aangesproken of geschoffeerd als gezegd wordt dat vechtlust of een positieve instelling leiden tot betere overlevingskansen bij kanker (voorpagina, 9 juli)",1
921,Onder Nederlandse gepensioneerden in het buitenland is de schrik groot: het nieuwe zorgstelsel heeft onverwachte gevolgen voor de premies en de zorgdekking. ,1
926,"Volkskrant Avond Zondag 24 maart May's einde lijkt echt in zicht | Samenvatting Mueller-rapport snel naar Congres; lees over negen verdachte ontmoetingen van team-Trump Redactie 24 maart 2019, 20:44 Robert Mueller.  De speciaal aanklager heeft vrijdag het verslag ingeleverd van bijna twee jaar speurwerk naar een mogelijke samenzwering tussen het Kremlin van Vladimir Poetin en Donald Trump en zijn medewerkers",1
931,De levensbeschouwelijke omroepen Ikon en Zendtijd voor Kerken (ZvK) zien af van hun voorgenomen samenwerking met de NCRV.  Dinsdag lieten beide omroepen weten te kiezen voor de Evangelische Omroep (EO),1
936,"In het onderzoek naar het grootschalige misbruik van Amerikaanse turnsters door bondsarts Larry Nassar is een nieuwe arrestatie verricht.  De voormalige baas van Nassar bij de Universiteit van Michigan, decaan William S",1
941,"Stroom opgewekt met geaborteerde foetussen Britse ziekenhuizen Het lijkt wel op een gebeurtenis uit The Kingdom, de ziekenhuishorrorsoap van Lars von Trier: geaborteerde foetussen die worden verbrand om vervolgens met de opgewekte stroom ziekenhuizen warm te houden.  In twee Engelse ziekenhuizen is dit echt gebeurd, zo blijkt uit een documentaire die de televisiezender Channel 4 gisteravond heeft uitgezonden",1
946,Beeldspraak Graphic Novels Drie van de betere nieuwe graphic novels volgens stripmedewerker Joost Pollmann Op 25 mei beginnen de Stripdagen Haarlem.  Stripmedewerker Joost Pollmann kiest drie van de betere nieuwe graphic novels – waaronder de heruitgave van een kleurrijk meesterwerk,1
951,"De wereldtitel dammen voelde als een last voor Roel Boomstra, maar volgend jaar krijgt hij een herkansing als uitdager van zijn opvolger Alexander Schwartzman.  Robert Misset 16 oktober 2017, 2:00 Roel Boomstra Beeld Martijn Beekman Eind 2018 vindt niet alleen een klassieke confrontatie plaats tussen Nederland en Rusland, maar zit ook de jeugd tegenover de gevestigde orde",1
956,Wilders: 'Misschien moet ik naar Australië emigreren' Eerst was hij niet welkom en kreeg hij geen visum.  Deze week kon Geert Wilders alsnog spreken in Australië: 'Wees waakzaam,1
961,Nieuw-Zeeland behoudt na referendum bestaande vlag Nieuw-Zeeland behoudt zijn huidige nationale vlag.  Ruim 56 procent van de Nieuw-Zeelanders heeft bij een referendum aangegeven het traditionele blauwe exemplaar met de Britse Union Jack in de linkerbovenhoek als het wapperend symbool van het land te willen houden,1
966,"Sociaal akkoord vraagt souplesse van kabinet Wassenaar, 1982.  Thuis bij voorzitter Chris van Veen van het Verbond van Nederlandse Ondernemers sluiten vakcentrales en werkgevers een historisch sociaal akkoord",1
971,'Skills': voor kinderen die kinderprogramma's te kinderachtig vinden Zapp doet aan kindervakantiewerk nieuwe stijl.  Daar kunnen sommige volwassen nog iets van leren,1
976,Muziek Charlie Puth Zanger Charlie Puth maakt popmuziek voor de meisjes.  'Met jazz wek je nul interesse' Popzanger Charlie Puth (26) is mateloos populair bij 16-jarigen,1
981,"'Zonder Pathanen kun je geen vrede hebben' Een half jaar geleden werd Abdul Qadir, gouverneur en vice-president van Afghanistan, vermoord in Kabul.  Ruim een jaar geleden werd zijn broer, krijgsheer Abdul Haq, geëxecuteerd door de Taliban",1
986,"Peter de Waard 29 januari 2013, 6:28 Vooralsnog gaat de bond ervan uit dat het geld gewoon zal worden betaald.  Maar zekerheid daarover is er gezien de problemen van de bank-verzekeraar niet",1
991,Werkloosheid in VS naar laagste stand in zeven jaar De werkloosheid in de Verenigde Staten is vorige maand gedaald tot het laagste niveau in ruim zeven jaar.  Dat meldde het Amerikaanse ministerie van Arbeid vrijdag,1
996,"Meike Vernooy weer uitgeloot voor geneeskunde Haar eindexamengemiddelde van 9,6 ten spijt, is de gymnasiaste Meike Vernooy voor de derde maal in successie uitgeloot voor de studie geneeskunde. ",1
1001,"Confrontaties in elegant geschreven Engelenpoort De Britse Edwardian Era, de periode direct voorafgaand aan de Eerste Wereldoorlog, is een tijdperk met twee gezichten.  Het ene zou je het 'Downton Abbey-gezicht' kunnen noemen: dat van de ",1
1006,"Spannend kruisbestuiven Robert Glasper is steeds op zoek naar nieuwe stijlwendingen.  GIJSBERT KAMER 16 april 2014, 0:00 Robert Glasper Experiment & Metropole Orkest 13/4, MC Theater, Amsterdam Een van de bijzonderste optredens op het komende North Sea Jazz Festival belooft dat van het Robert Glasper Experiment met het Metropole Orkest te worden",1
1011,"Matthäus Passion, instrumentale versie, vrij naar Bach door Egon Kracht (contrabas) en The Troupe, vanavond in Alkmaar (Provadja), zaterdag in Medemblik (Bonifaciuskerk), 19 t/m 22 maart in Amsterdam (Rode Bioscoop).  Johannes Passion van Bach: door het Oost-Nederlands Kamerkoor o",1
1016,NieuwsTramaanslag Utrecht Levenslang.  Deze hoogst mogelijke gevangenisstraf eiste de officier van justitie donderdag tegen Gökmen T,1
1021,Europa niet klaar voor uitbraak vogelgriep Europa is nog lang niet klaar voor een uitbraak van vogelgriep die ook op mensen over slaat.  Zo moet er hard worden gewerkt aan de ontwikkeling van vaccins,1
1026,"Asha ten Broeke: Nzume's critici willen racismedebat op hun voorwaarden voeren Asha ten Broeke 5 mei 2017, 2:00 Zo, dat was gênant.  Twee weken geleden verscheen Anousha Nzumes boek Hallo witte mensen, waarin ze racisme bespreekt door witte lezers een spiegel voor te houden",1
1036,"Politie zoekt in grensstreek verder naar 'levensgevaarlijk duo' Ondanks een nachtelijke zoektocht van Duitse en Nederlandse politie is het duo dat gezocht wordt voor meerdere gijzelingen en een schietincident, nog niet opgepakt.  De politie weet niet waar de man en de vrouw zijn",1
1041,Chinese premier bezoekt Nederland De Chinese premier Li Peng komt volgende maand naar Nederland.  Het bezoek staat gepland voor 14 tot 16 februari,1
1046,"Prachtige console, jammer van het magere aanbod in games, luidde de klacht over Nintendo's Switch drie maanden terug.  Een kolderiek knokspel, ARMS, brengt daar met rake klappen - wham",1
1052,"Recensie Der Goldene Hanschuh Wansmakelijke horror, een absurde freakshow: Der Goldene Handschuhe is het allemaal ★★★★☆ Berend Jan Bockting 19 juni 2019, 20:21 Der Goldene Handschuh filmstill.  Beeld x Regie Fatih Akin",1
1056,Robot Sophia is minder menselijk dan ze doet vermoeden Robot Sophia groeide in korte tijd uit tot wereldster.  Door haar gezichtsuitdrukkingen en (ogenschijnlijk) soepele gesprekken lijkt ze eng veel op een mens,1
1061,"Hongkong wordt hipper Met instemming van zijn bewoners knapt Hongkong historische gebouwen op.  Je kunt er slapen in voormalige ziekenhuizen of politiebureaus, films kijken op daken en winkelen in gesubsidieerde ateliers",1
1066,"Profiel Adam Tooze ‘Het kapitalisme is een slecht getemd paard.  Hoe goed je ook kunt rijden, af en toe schopt het paard je eraf’ Lovend is de Britse historicus Adam Tooze over de wijze waarop de Amerikanen de financiële crisis hebben aangepakt",1
1071,Wat levert volledige fusie van Nederland en Duitsland eigenlijk op.  Robert Giebels en Gijs Herderscheê waren in het bezit gekomen van een menukaart vol bezuinigingen van het ministerie van Financiën en ze maakten daar in de Volkskrant van gisteren een interessant verhaal van,1
1076,"Nieuws Aanhalen banden Paus Franciscus komt zondagavond aan op het vliegveld van Abu Dhabi, de hoofdstad van de Verenigde Arabische Emiraten.  Beeld Andrew Medichini / AFP Rob Vreeken 3 februari 2019, 21:17 Toch werd het bezoek ingeluid met een kritische noot",1
1081,We kennen de Bosnische hoofdstad Sarajevo vooral van de Balkanoorlog.  Of van de moord op aartshertog Frans Ferdinand waarmee honderd jaar geleden de Eerste Wereldoorlog uitbrak,1
1090,"Toon Hermans in pocketformaat Patrick van den Hanenberg 23 november 2010, 0:00 hoofddorp Het is misschien wat bedenkelijk om het tamelijk tuttige jarenzeventigduo Saskia & Serge filosofische kwaliteiten toe te dichten.  Toch is Joep Onderdelinden niet de eerste die zich helemaal kan vinden in hun hartekreet om vooral op de kleine details van het leven te letten",1
1095,"Recensie Nieuwjaar De wereld door de ogen van een 6-jarige is meeslepend beschreven, maar stelt wat teleur ★★★☆☆ Juli Zeh verlaat in haar nieuwe roman de grote maatschappelijke thema’s en beperkt zich tot klein, persoonlijk leed.  Dat stelt wat teleur, al beschrijft ze knap de wereld door de ogen van een 6-jarige",1
1099,"Nieuws Mossack Fonseca Redactie 3 april 2019, 8:00 De parlementaire ondervragingscommissie Fiscale constructies deed naar aanleiding van de Panama Papers onderzoek naar belastingontwijking in Nederland.  Beeld ANP Er lopen nog honderden onderzoeken naar geld dat door het advieskantoor voor rijke klanten werd weggezet in belastingparadijzen",1
1104,"Over de slakkenraapjager die Evert Santegoeds heet Eva Posthuma de Boer 29 oktober 2019, 14:09 Door de affaire-Borsato moest ik ineens denken aan slakken.  Van die overheerlijke wijngaardslakken die zo lekker bourgondisch in de knoflookboter kunnen drijven",1
1115,"Epidemie eist vooral in Afrika veel slachtoffers Aids is steeds meer voor de armen Terwijl in de rijke landen en enkele ontwikkelingslanden de aids-epidemie langzaam tot stilstand komt of soms zelfs op haar retour lijkt, grijpt zij in de rest van de wereld met onverminderde kracht om zich heen. ",1
1119,'Leger moet Russen in Kirgizië beschermen' MOSKOU De Russische president Dmitri Medvedev heeft Russische strijdkrachten de opdracht gegeven staatsburgers in Kirgizië te beschermen.  Hij waarschuwde voor de ernstige gevolgen van anarchie voor ‘het Kirgizische volk en zijn buren’,1
1124,"Scheppen en hozen tot de goede woorden overblijven Waar Anna Achmatova het scheppingsproces met drama verwoordde, doet debutant Rosa Schogt dat met prettige lichtvoetigheid, vindt Arjan Peters.  Arjan Peters 6 september 2019, 15:00 Aan ontzag voor Anna Achmatova (1889-1966) ontbreekt het mij echt niet, ze had een ",1
1129,"Zelfs twee nachtjes slapen kost een zak patat aan energie De verslaggeefster leek haar misprijzen nauwelijks te kunnen onderdrukken.  'De patatten,' schreef zij deze zomer, 'worden langzaam week onder de sauzen",1
1134,Bern zet Clinton onder druk over nazigoud Of de regering-Clinton maar wil verhinderen dat Amerikaanse staten en gemeenten Zwitserse banken gaan boycotten vanwege allerlei omstreden tegoeden uit de Tweede Wereldoorlog. ,1
1139,"Mazelenprik, hiphop en het Facebookfilter Dit is het wetenschapsnieuws van deze week.  Door onze wetenschapsredactie 9 mei 2015, 2:00 Een kindje wordt ingeënt tegen de mazelen",1
1144,"De Iraniërs hebben nog maar net gehoord dat de Nederlandse minister van Buitenlandse Zaken geen Halbe Zijlstra meer heet, of daar stapt woensdag zijn vrouwelijke vervanger Sigrid Kaag al uit een colonne van zwarte Mercedessen.  Ze bezoekt president Hassan Rohani in zijn paleis in Teheran",1
1149,Door een ongeval tijdens het werk liepen vorig jaar 458. 000 werknemers lichamelijk letsel of geestelijke schade op,1
1154,"Thomas van der Kolk 18 februari 2015, 11:37 In 2014 was Facebook nog altijd het bekendste en populairste sociale netwerk.  Opvallend is dat vooral 'oudere jongeren', van 18 tot 34 jaar, zeggen te verwachten dat ze dit jaar minder zullen gaan Facebooken",1
1159,"Door David Sneek 19 februari 2005, 0:00 Ghostbusters (Ivan Reitman, 1984).  Een vrolijke komedie rond een spokenopruimteam bestaande uit Bill Murray, Dan Aykroyd en Harold Ramis",1
1164,"PortrettenMiddelbare scholieren Na de zomer terug naar de middelbare school: ‘Alsof ik een heel lang weekend heb gehad sinds maart’ Een deel van de leerlingen snakt naar de heropening van de middelbare scholen, vermoedelijk na de zomer.  ‘Ik mis het kletsen in de pauze",1
1169,Half IJsselmeer aan regen: 'Dit komt zelden voor' De overvloedige regenval afgelopen weekeinde zorgde in grote delen van het land voor veel overlast.  Op sommige plekken viel zondag net zo veel regen als normaal in de hele maand oktober,1
1179,"'Mijn zoon keek 's ochtends al naar zo'n Telsell-programma' Nico Pluijmers' vier kinderen zaten dagelijks urenlang voor de tv.  De Eindhovenaar ergerde zich zo aan hun kijkgedrag dat hij het 'televisieslot' bedacht, dat hij meteen maar verkoopt via zijn website",1
1184,"Bert Lanting 5 februari 2018, 23:52 President Trump maandag in Ohio.  Beeld reuters 'Kunnen we dat verraad noemen",1
1189,"'Gewone Zaankanter blijft trots op zijn Appie' Van onze verslaggeefster Kim van Keken 12 september 2003, 2:26 De filiaalmanager van de Albert Heijn aan het Ankersmidplein in Zaandam wil eveneens niet antwoorden.  Ook wil hij zijn naam niet geven",1
1194,Record aan nieuwe fiets- en looproutes Het tempo waarmee nieuwe fiets- en wandelroutes worden geopend breekt dit voorjaar een record.  Grootste klapper is de opening van de Stedenroute (LF2) tussen Amsterdam en Brussel,1
1199,Interview Frans Lieshout Frans Lieshout: ‘Papoea blijft een etterende wond in Indonesië. ’ Beeld Linelle Deunk Pater Frans Lieshout is ooggetuige van een tijdperk op Nieuw-Guinea,1
1209,"Totaalvisie op periode 1789-1848 De slag bij Waterloo is bijna jarig, en twee boeken weten daar nog een bijzondere visie aan toe te voegen: een over Nederlandse herdenkingscultuur, en een over de Slag als ijkpunt voor hysterisch aangewakkerde revolutievrees.  Lotte Jensen 6 juni 2015, 2:00 Op 18 juni 2015 is het precies tweehonderd jaar geleden dat Napoleon zijn definitieve nederlaag leed bij Waterloo",1
1214,"56,6 procent van de gevangenen in Nederland heeft een psychische stoornis.  Dit blijkt uit een onderzoek van de Nijmeegse Pompestichting",1
1219,"Interview Bong Joon-ho Beeld Sangsuk Sylvia Kang Bor Beekman 27 november 2019, 14:30 Bong Joon-ho, prille vijftiger met zwart T-shirt, zwarte broek en vrolijk gezicht, staat op het dakterras van een hotel in Cannes en wijst naar het zwembad.  ‘Voor mijn film hadden we een armenwijk gebouwd rond zo’n bassin",1
1224,Louise Fresco levert doorwrochte ideeënroman als afsluiting van trilogie over engagement.  Ze onderzoekt de houdbaarheid en geloofwaardigheid van diverse soorten idealisme,1
1229,"ReportageSluiting dagopvang Het Wereldhuis Daklozen wachten donderdag in het Wereldhuis op een maaltijd, voorlopig hun laatste.  Beeld Guus Dubbelman / de Volkskrant Arnout le Clercq 19 maart 2020, 21:36 ‘Ik ben bang’, zegt Kahasit (28) uit Eritrea, terwijl ze zich een beetje verbergt in haar grijze hoody",1
1233,"Waarom gaan de debatten te veel over tutonderwerpen.  Marjan Slob 13 maart 2017, 2:00 Verbaasd constateren politieke analisten na elk verkiezingsdebat dat de kiezer maar blijft zweven",1
1238,"Laatste restje Vendex KBB verkocht Maxeda, het restant van wat ooit Vendex KBB was en waar nu alleen nog doe-het-zelfketens als Praxis en Formido in zitten, is verkocht.  Net als de verkopers zijn de nieuwe eigenaren twee investeringsmaatschappijen van het type private equity: Ardian en Goldentree",1
1248,"Molukse dominee Metiary (89) overleden 4 maart 2007, 22:55 ASSEN (ANP) - De Zuid-Molukse dominee Samuel Metiary is zondag in ",1
1253,Pronk blij met zelfverzekerdheid van regering-Wijdenbosch; Suriname wil belastingexperts Nederland kwijt Dinsdagochtend legde minister Pronk in stilte bloemen bij het monument van de vijftien slachtoffers van de decembermoorden in 1982.  Het was de eerste keer dat hij zich een dergelijk gebaar veroorloofde ter nagedachtenis van 'een aantal mensen die ik toen tot mijn vrienden kon rekenen',1
1258,"Nieuwe partij op markt pensioen APG, de uitvoeringsorganisatie van het pensioenfonds ABP, wil pensioenregelingen van andere pensioenfondsen gaan uitvoeren.  Dit maakte APG-bestuursvoorzitter Dick Sluimers donderdag bekend bij de toelichting op de fusie van APG met Cordares, de pensioenuitvoeringsorganisatie van de bouw",1
1263,Onbevangen en nieuwsgierig beschreef Gérard de Nerval het Midden-Oosten van 150 jaar geleden.  Door Hans Driessen Nerval noemt zichzelf een 'voyageur enthousiaste'; hij had zichzelf evengoed een 'voyageur curieux' ,1
1268,"Het vitale hart van het voetbal klopt altijd door – zelfs bij de dood Willem Vissers 23 september 2018, 20:30 Dit stukje gaat over het grote hart van het voetbal, en ook over het kwetsbare hart.  Mijn vriend Piet de Visser, scout van talent tot de dood erop volgt, werd zondag 84 jaar",1
1273,"21 juni 2013, 08:00 Duitse psychiater en psycholoog Manfred Spitzer Computers zouden volgens de Duitse geheugenonderzoeker Manfred Spitzer een bijsluiter moeten krijgen: pas op, niet geschikt voor de ontwikkelende hersenen van jonge kinderen, groot risico op verslaving en slechte schoolprestaties. Spitzer, directeur van de psychiatrische universiteitskliniek in Ulm, is kort in Amsterdam om te spreken over zijn boek Digitale dementie, dat volgende week in Nederland verschijnt",1
1278,"Kampioen Thijssen slaat slag in 11de ronde Gisteren eindigde in Soest het toernooi om het Nederlands kampioenschap.  En hoewel mij, op het moment dat ik deze regels schrijf, de resultaten van de slotdag nog niet bekend zijn, is het – op grond van allerlei reglementsbepalingen die ik u verder zal besparen – nu al zeker dat Kees",1
1288,"Chinees betaalt 2,1 miljoen euro voor lunch met miljardair Buffett Redactie 7 juni 2015, 8:36 Miljardair Warren Buffett tijdens een bijeenkomst in Omaha hoe je snel rijk kan worden.  Beeld ",1
1293,Is de staatssecretaris gezwicht.  Na een week van scholierenacties versoepelde staatssecretaris Van Bijsterveldt de urennorm in het onderwijs,1
1298,'Andere vrouw weerhoudt hem niet mij op te zoeken' Na haar scheiding rolt Lauren (59) van de ene verbazing in de andere.  Vooral een romance met een PVV'er had ze nooit verwacht,1
1303,"Op het het gebruikersforum van Apple klagen enkele consumenten die een nieuwe iPhone 4S hebben gekocht over gele tinten op het scherm.  'Toen ik hem naast mijn oude iPhone 4 legde, merkte ik dat het scherm veel 'mooier' was op de oude iPhone', schrijft een klant onder de naam 'Snowglider'",1
1308,"Het duurde zeventien dagen voordat bevestigd kon worden dat vlucht MH370 van Malaysia Airlines in de Indische Oceaan is gestort.  De zoektocht wordt een race tegen de klok; de batterij van de zwarte doos in de Boeing 777 gaat dertig dagen mee, dat betekent nu nog krap twee weken",1
1313,"Bereidt u zich voor: Schiphol wordt alleen maar drukker Drukte groeit met de economie, 'infrastructuur piept en kraakt' Het gaat beter met de economie, dus de Nederlanders vliegen meer.  Zaterdag liep hun toestroom Schiphol over de schoenen",1
1321,Na de aanvaring van de stuw bij Grave werd de sluis bij Heumen veel te laat gesloten.  Een fout die tot gevolg had dat het waterpeil zo ver daalde dat de scheepvaart op het belangrijke Maas-Waalkanaal momenteel onmogelijk is,1
1323,"Geen spektakel maar stratego VAN ONZE VERSLAGGEVER CHARLES BROMET 23 april 2014, 0:00 AMSTERDAM - Atletico Madrid - Chelsea 0-0 Een internationaal miljoenenpubliek zou Atletico Madrid - Chelsea het liefst hebben teruggestuurd naar de keuken, vanwege het ontbreken van smaak aan deze met veel aplomb aangekondigde maaltijd.  Na het zien van deze zouteloze eerste halve finale van de Champions League bleef je achter met een onbevredigend gevoel",1
1333,"Dai Dai Ntab is slechts een van de vele beloftes voor het sportjaar 2020 Willem Vissers Beeld de Volkskrant Willem Vissers 29 december 2019, 22:14 Mathieu, Max, Memphis.  Frenkie, ",1
1343,"Voorbeeld voor Nederland.  'We hebben hier ook zo'n succesverhaal' 4 april 2014, 0:00 JAN VAN ZIJL, voorzitter MBO-raad: 'Wat ik las in het verhaal, herkende ik van het werkbezoek dat ik vorig jaar aan vakopleidingen in Zwitserland bracht",1
1348,"Drie tips Over de VAR ‘De scheidsrechter is een soort opsporingsambtenaar, de videoscheidsrechter is de rechter’ Bij Ajax - PSV verrichtte videoscheidsrechter Pol van Boekel uitstekend werk.  Maar nog te vaak ontstaat er discussie over de VAR",1
1353,Waarom bericht de krant over sportvrouwen anders dan over sportmannen.  Een hardnekkige klacht: de krant bericht over sportvrouwen heel anders dan over sportmannen,1
1358,"In de modeblote basten De blote bast is terug van weggeweest De echte waaghals viert het nieuwe modeseizoen door zijn nek uit te steken en met blote borst vooruit te lopen.  Me Jane, you Tarzan",1
1364,"De kunst, zij moet weer veel Waarom zouden kunst en cultuur eigenlijk met belastinggeld overeind gehouden moeten ",1
1368,Wat moet er nu gebeuren met de collectie-Gurlitt.  Ongeloof en verbazing toen vorige week bekend werd dat bij een 80-jarige kluizenaar in München 1,1
1373,"Wat Ruud en Onno zouden doen Wat het kabinet niet voor elkaar krijgt, lukte Ruud Lubbers en Onno Ruding begin jaren tachtig wel: het economisch tij keren.  Robert Giebels en Gijs Herderscheê stellen zich voor wat er zou gebeuren als Mark Rutte en Jeroen Dijsselbloem hun voorgangers zouden inzetten in de crisisstrijd",1
1378,"Hoe een olifant om te leggen Berg Erik 8 september 2009, 0:00 Het lot van de jager van Wilbur Smith is een ouderwets avonturenepos, met booswichten, fatale vrouwen en een hoofdrol voor de Afrikaanse wildernis.  Wie een nacht moet doorbrengen in Bangkok kan het slechter treffen dan het Mandarin Oriental Hotel",1
1387,Dorpsleven langs een plutoniumriool Tot ver in de jaren vijftig loosde het nucleaire Majak-complex in de Oeral radioactief afval rechtstreeks in het riviertje de Tetsja. ,1
1392,"Lijst van fraudepublicaties Stapel blijft groeien De lijst met publicaties waarin oud-hoogleraar Diederik Stapel gefraudeerd heeft, blijft groeien.  De commissies-Noorten -Levelt, die onderzoek doen naar het werk van de gevallen hoogleraar sociale psychologie, hebben weer een update gepubliceerd",1
1399,Het De Young Museum in het Amerikaanse San Francisco biedt mensen met een zware lichamelijke handicap de mogelijkheid het museum te verkennen met mobiele robots.  De bezoeker kan thuis inloggen en zelf een wagentje met camera dirigeren door de tentoonstellingszalen met Amerikaanse kunst,1
1402,"TheaterrecensieMa Ma door Eric Corton is geen heiligverklaring van een moeder door haar zoon, maar wel een oprechte liefdesverklaring ★★★★☆ Hein Janssen 9 juli 2020, 14:45 ",1
1407,"De vorstin en het vluchtige volk In de dertig jaar dat Beatrix koningin is, is het populisme in Nederland een belangrijke stroming geworden.  En voor de populistische partijen is de monarchie allang niet meer heilig; voor een aantal andere partijen trouwens ook niet",1
1412,"Voetbalfan mag bij goal ‘hoera’ fluisteren: ‘Dat kun je niet verwachten van supporters’ De Nederlandse voetbalstadions gaan weer open, maar de fans moeten onderling afstand houden en mogen niet schreeuwen.  Kun je voorkomen dat een supporter gaat juichen bij zoiets emotioneels als voetbal",1
1417,Haagse politie hield 613 kinderen jonger dan 12 aan De politie Haaglanden heeft vorig jaar 613 kinderen van 12 jaar en jonger aangehouden.  De kinderen hadden zich voornamelijk schuldig gemaakt aan winkeldiefstal en vernieling,1
1422,"51 artikelen sinds 02 juli 2015 Het Openbaar Ministerie acht twee agenten die betrokken waren bij de arrestatie van Mitch Henriquez schuldig, maar vindt dat ze geen straf verdienen.  De nabestaanden zijn geschokt",1
1429,"Regeringspartij PvdA vindt dat er een volkenrechtelijk mandaat nodig is voordat Nederland militair meedoet aan internationale actie in Syrië tegen terreurbeweging Islamitische Staat (IS).  Coalitiegenoot VVD heeft dat ook het liefste, maar lijkt op grond van humanitaire nood eerder akkoord te gaan met deelname aan militair ingrijpen in Syrië",1
1434,Er zijn voldoende aanwijzingen dat voormalig Volkswagen-topman Martin Winterkorn eerder op de hoogte was van de emissiefraude binnen het concern dan hij altijd heeft beweerd.  Dat stellen de openbare aanklagers in Braunschweig die onderzoek doen naar de zaak,1
1437,Wetenschappers zijn er in geslaagd een methode te ontwikkelen om de laagste temperaturen die er is op Aarde te meten.  De resultaten hiervan kunnen gebruikt worden in het onderzoek naar eigenschappen van materie en in de Kwantum-mechanica,1
1442,"Beveiligingsbranche genegeerd bij terreuralarm De beveiligingsbranche telt 33 duizend werknemers, maar wordt door de overheid buiten de terreuralarmering gehouden.  'Wij weten niet meer dan burgers",1
1447,Europese Commissie: bondsregels beperken commerciële ruimte voor schaatsers 'buitensporig' Sportfederaties mogen topsporters niet langer verbieden deel te nemen aan evenementen die door anderen zijn georganiseerd.  Het beperkt de beroepsvrijheid van de sporter en is in strijd met Europese concurrentieregels,1
1452,"'Veel meer besmettingen in Mexico' AMSTERDAM In Mexico zijn tot eind april 6- tot 32 duizend mensen besmet geraakt met het Mexico-virus, blijkt uit modelberekeningen. ",1
1457,Nieuws ‘Klets’-zaak beveiliging Wilders Advocaat oud-beveiliger Faris K. : ‘Het valt allemaal wel mee met deze politiemol’ Was Faris K,1
1462,"Zuid-Afrika wil uit Internationaal Strafhof stappen Zuid-Afrika is van plan uit het Internationaal Strafhof te stappen, dit meldt viceminister Obed Bapela zondag.  De Zuid-Afrikaanse regering staat onder druk nadat het eerder dit jaar de Soedanese president Hassan al-Bashir tegen de wens van het hof in toestemming gaf om het land te verlaten",1
1467,Surinaamse oppositie vreest noodgreep Bouterse om strafeis te voorkomen De Surinaamse president Desi Bouterse wil koste wat kost voorkomen dat de militaire aanklager op 30 juni met een strafeis tegen hem komt voor zijn aandeel in de Decembermoorden van 1982.  Bouterse sprak dinsdag van een 'constitutionele crisis' nu het proces tegen hem weer wordt hervat,1
1477,"Stieven Ramdharie 12 juli 2019, 19:55 Het gouverneurs-en parlementsgebouw van Mississippi in de hoofdstad Jackson.  Beeld AP De Republikein, die gouverneur van Mississippi wil worden, is als de dood dat er verhalen de ronde zullen doen dat hij vreemdgaat",1
1482,Er hebben zich geen nieuwe gegadigden gemeld om de nieuwe schaatstempel in Nederland te bouwen sinds de gunning aan de Almeerse Icedôme in juni werd teruggetrokken.  Schaatsbond KNSB hoopt dat de overgebleven kanshebbers Thialf en TranSportium gaan samenwerken,1
1487,"Volkskrant Ochtend: Menzis vergoedt behandeling depressies op basis van resultaten | Dit zijn de Brexit-pijnpunten Goedemorgen.  Zorgverzekeraar Menzis gaat de kosten voor de behandeling van depressies en angsten vergoeden op basis van de behaalde resultaten, en niet langer op grond van het aantal behandelingen",1
1492,"Geen plezierjacht meer in natuurplan PvdA, D66 en GroenLinks Als het aan PvdA, D66 en GroenLinks ligt, stopt de plezierjacht op wilde eend, fazant, patrijs, haas, konijn en houtduif.  In hun gezamenlijke plan Mooi Nederland stellen de partijen maandag dat er alleen dieren mogen geworden gevangen of gedood om natuurschade te bestrijden of te voorkomen dat er bijvoorbeeld teveel zwijnen in een gebied leven",1
1497,Brons voor Dekker op 50 vlinder in Tokio Ondanks een onrustige nacht vanwege een aardbeving heeft Inge Dekker zondag een bronzen medaille veroverd bij de wereldbekerwedstrijden kortebaan in Tokio.  Inge Dekker,1
1512,"Ik probeer tegen beter weten in de stemming er een beetje in te houden Ionica Smeets 20 maart 2020, 15:00 Ik droomde dat ik een paar honderd jaar eerder was geboren en naar de brandstapel werd afgevoerd als heks.  Tegen beter weten in probeerde ik in mijn droom de stemming er een beetje in te houden en zei: ‘Wel lekker weer voor een wandelingetje, hè",1
1517,Burgemeester Wolfsen: 'Kortingen onverantwoord' De maatregelen - en dan vooral de bezuinigingen - uit de Miljoenennota hebben nogal wat gevolgen voor de grote steden.  Hoe zijn de plannen daar ontvangen,1
1522,"Raadsel rond mysterieuze tunnel Toronto opgelost De vraag waarom er in een dichtbebost stukje Toronto in het geheim een 10 meter lange, ruime tunnel vakkundig was aangelegd, is eindelijk beantwoord.  Volgens Canadese media is de in januari toevallig ontdekte tunnel niet het werk van terroristen of liefhebbers van loopgravenoorlogen, maar van een bouwvakker die een geheim plekje voor zichzelf wilde",1
1532,"'Uitgebreide EU geniet meer status in wereld' 'De uitbreiding van de Europese Unie betekent een historisch keerpunt voor Europa.  Het is een kans die moet worden gegrepen in het belang van haar veiligheid, economie, cultuur en haar status in de wereld",1
1539,Ruim driekwart van de Nederlanders wil de hypotheekrente aanpakken of afschaffen.  Dat blijkt uit onderzoek van EenVandaag onder 25,1
1542,"Raad voor Cultuur: stop verkoop museumwerken om geldtekort De verkoop van museale stukken om financiële redenen moet worden gestopt, vindt de Raad voor Cultuur",1
1548,Bij een schietpartij op de parkeerplaats van een Van der Valk-hotel in Houten zijn gisteravond twee mannen omgekomen.  Gasten van het hotel waren getuige van het gebeuren,1
1552,"Analyse Pensioenhervorming Gijs Herderscheê 27 maart 2019, 19:40 Wouter Koolmees, minister van Sociale Zaken en Werkgelegenheid (links) op bezoek bij PvdA-Kamerlid Gijs van Dijk (midden) en Lodewijk Asscher (rechts).  Beeld Raymond Rutting / De Volkskrant Op uitnodiging van Asscher spraken de twee drie kwartier over de beoogde pensioenhervorming",1
1557,"updateVOLENDAM - Het Don Bosco College in Volendam handhaaft een verbod op het dragen van hoofddoekjes, ondanks een uitspraak van de Commissie Gelijke Behandeling (CGB).  Dat hebben de rector van de school en het bestuur van de stichting Katholiek Onderwijs Volendam (SKOV) woensdag besloten, zo lieten zij weten",1
1562,"CDA: elke omroep eigen actualiteitenrubriek Elke publieke omroeporganisatie moet weer een eigen actualiteitenrubriek kunnen krijgen, net als ",1
1567,"Haarlem, maandag: een klant staat voor een dichte deur van V&D.  Het warenhuis blijft voorlopig dicht",1
1572,We kunnen niet zonder waterschap Zelfs Napoleon begreep dat hij niet aan onze waterschappen moest komen.  Ze moeten alleen hun oubollige imago zien kwijt te raken en zich profileren als innovatieve overheid,1
1577,"14 augustus 2018, 16:12 Branweermannen kijken toe hoe de pagara's, lange linten met zware rotjes, in de centrum ",1
1582,"'En zo komt het dus dat coauteurs zich laten verrassen door frauderende wetenschappers' Als zelfs apen auteur kunnen zijn van een wetenschappelijk artikel, draait auteurschap meer om erkenning dan om verantwoordelijkheid.  Is dat wenselijk, vraagt Koen Beumer van SciencePalooza",1
1587,Waterdamp ontdekt in atmosfeer van 'kleine' exoplaneet Astronomen hebben waterdamp ontdekt in de atmosfeer van een exoplaneet die maar vier keer zo groot is als de aarde.  Daarmee is 'HAT P-11b' de kleinste planeet buiten ons zonnestelsel waarbij dit is gelukt,1
1591,"achtergrondhuawei Op zoek naar de klokkenluider die beweert dat techgigant Huawei spioneert Groot-Brittannië weert sinds deze week apparatuur van het Chinese Huawei uit het mobiele netwerk, uit angst voor spionage.  Ook een anonieme klokkenluider beweerde dat de techgigant data onderschept",1
1596,"1 juli 2014, 18:41 Leider Abu Bakr al-Baghdadi Beeld AFP Baghdadi deed dat in een audioboodschap van bijna 20 minuten die dinsdag op internet verscheen.  Hij riep moslimstrijders op om wraak te nemen vanwege misstanden tegen moslims wereldwijd",1
1601,"AnalyseVerbouwing Roland Garros Robèrt Misset 28 mei 2019, 20:07 In de botanische tuin op Roland Garros wandel je dinsdagochtend gevoelsmatig door een regenwoud, met uitzicht op de nieuwe Court Simonne Matthieu waar de Italianen Fognini en Seppi elkaar bestoken met forehands en backhands.  De zondag geopende tennisbaan tussen vier kassen in de Serres D’Auteuil is het pronkstuk van een ecologische revolutie op het grandslamtoernooi in Parijs",1
1606,Sven Kramer en Naomi van As (in verwachting) Beeld - Wordt een kind van een topsportpaar vanzelf ook een kampioen.  Anders gezegd: groeit de baby van Sven Kramer en Naomi van As uit tot een geboren winnaar,1
1612,Facebook vraagt nog even geduld van zijn gebruikers.  De komende dagen zal het bedrijf berichten rondsturen,1
1616,"Ellen Provoost 25 augustus 2012, 8:17 De justitie onderzoekt ook of de bank inbreuk heeft gemaakt op de economische sancties tegen landen als Iran, Soedan en Noord-Korea.  De zwaarte van de beschuldigingen kan er volgens de krant toe leiden dat HSBC zeker 1 miljard dollar moet betalen voor een schikking met de Amerikaanse autoriteiten",1
1621,"43 oud-leden, waaronder veel reservisten, van een elite-eenheid van het Israëlische leger weigeren nog langer mee te doen aan missies tegen Palestijnen.  De informatie die de eenheid verzamelt, wordt gebruikt tegen onschuldige burgers, verklaren zij in een brief aan de regering",1
1626,Wateroverlast VU Amsterdam Het zijn opmerkelijke beelden van de omgeving van het VU Medisch Centrum in Amsterdam.  Het ziekenhuis wordt dinsdag ontruimd nadat een gesprongen waterleiding voor veel overlast zorgde,1
1631,Verenigde Arabische Emiraten - 126 resultaten Oerhollandse damesslips tussen met gouddraad omrandde gezichtssluiers en handgemaakte leren sandalen.  Binnenkort trekt de Hollandsche Eenheidsprijzen Maatschappij Amsterdam (Hema) naar het Arabische Emiraat Dubai,1
1636,"Shell neemt belang in Chinees project 24 juni 2008, 8:55 DEN HAAG (ANP) - Shell heeft een belang genomen in een ",1
1640,"Heeft u zélf wel eens een verhaal van een ander naverteld alsof u het zelf meemaakte.  Tonie Mudde 16 februari 2018, ",1
1646,Barry Hay ontvangt zijn eigen biografie.  © ANP recensieIn de moedige memoires van Earring-zanger Barry Hay is een hoofdrol weggelegd voor zijn vrouw en zielsverwant Sandra,1
1650,9 jaar na moord op Fortuyn: wat doen de LPF'ers nu.  Het is vandaag negen jaar geleden dat Pim Fortuyn werd vermoord op het Mediapark in Hilversum,1
1655,"Nederland is hekkensluiter noch overwinnaar Nederland is het land van de middelmaat.  In vergelijking met andere landen in de Europese Unie zijn wij nergens buitengewoon goed in, maar scoren we ook nergens uitgesproken slecht",1
1665,Hockeyteam na nieuw verlies schamele zesde De miserabele prestatie van het Nederlands vrouwenhockeyteam tijdens het wereldkampioenschap heeft verregaande consequenties.  De zesde plaats in Dublin betekent dat Oranje voor de eerste keer in de geschiedenis het toernooi om de Champions Trophy zal moeten missen,1
1670,"Middelbare schoolklas in Nijmegen, 2016.  © Marcel van den Bergh / de Volkskrant opinieLezers winden zich op over het management ",1
1675,Een boot met poolonderzoekers vaart langs de oostkust van Groenland.  Dooi ijskap Groenland doet ongekend vroeg intrede De voorjaarse dooi is ongekend vroeg ingetreden op Groenland,1
1685,Rapport Ombudsman is munitie voor pgb-debat Met en snoeihard rapport heropent de Nationale Ombudsman het debat over de persoonsgebonden budgetten.  Het nieuwe betalingssysteem moest gebruikersvriendelijk zijn en de burger eigen regie geven,1
1690,"Al-Qaeda heeft een videoboodschap verspreid waarin een in Pakistan ontvoerde Amerikaan president Barack Obama oproept de eisen van de islamitische terreurgroep in te willigen.  Doet hij dit niet, dan vreest gijzelaar Warren Weinstein dat met de dood te moeten bekopen",1
1695,"Greenpeace: oerbos gekapt voor Nederlandse kranten Oerbossen kappen voor krantenpapier.  De drie grote krantenuitgevers PCM, Telegraaf Media Groep en Wegener beweren op hun websites dat ze daar hun handen niet aan willen branden",1
1700,"DOOR JAN PIETER EKKER 18 augustus 2001, 0:00 THE KING OF COMEDY (Martin Scorsese, 1983).  Half geslaagde zwarte komedie met Robert De Niro als miserabele stand-up comedian die net zo beroemd wil worden als zijn idool, tv-komiek Jerry Langford (Jerry Lewis)",1
1705,"De Tweede Kamer debatteert dinsdag over het onlangs bereikte pensioenakkoord.  Een mooie aanleiding om de laatste twaalf jaar toegezegde indexatie van de pensioenen eens na te komen, betoogt Gerard Meijer",1
1710,"De Volkskrant tv-selectie voor 29 januari Matt Damon in Good Will Hunting, vanavond te zien Beeld afp Gewapend met 25 vragen over de Nederlandse sportgeschiedenis gaan Erik Dijkstra en Frank Evenblij op zoek naar de grootste sportkenner in de studio.  Oud-sporters als Ronald de Boer, Michael Boogerd en Nicolien Sauerbreij spelen mee",1
1715,Beloof bij Europese verkiezingen vooraf wie er in de Commissie komt Ben Crum gelooft niet dat kiezers bij Europese verkiezingen thuisblijven omdat ze de elite van experts zo vertrouwen.  Verhoog ,1
1720,"Via de scanner naar Gare du Nord Parijs wil nieuwe veiligheidsportalen laten bouwen om de bagage van Thalysreizigers te controleren artikelAls het aan Frankrijk ligt, worden treinreizigers naar Parijs voortaan grondig doorgelicht.  Maar verhoogt dat de veiligheid echt",1
1725,"Hou op, ga weg, blijf van het voetbal af Zonder twijfel zal de schaamteloze exploitatie van het voetbal in het seizoen 1998-'99 worden vervolgd.  De verbeelding is al lang niet meer aan de macht, concludeert de dromer somber",1
1730,"'Kokkinakis banged your girlfriend' Om Wawrinka te ontregelen zei Nick Kyrgios iets over diens vriendin.  Niks bijzonders, vindt hij",1
1735,"Hoe de klompenmaker werd gered door de toerist Er worden meer klompen gemaakt dan ooit.  Althans, die indruk heeft Paul Nijhuis",1
1740,"Komt wijsheid met de jaren, of is een frisse wind hard nodig in de Amerikaanse politiek.  De gemiddelde leeftijd van politici in de VS ligt veel hoger dan in Europa",1
1745,Herstel Taekema verloopt nog verre van voorspoedig Amsterdam heeft nog een kleine kans de play-offs te halen.  De vraag is of dat in het belang is van Taeke Taekema,1
1750,"'WIJ ZIJN BANG VOOR CHINA' Japan maakt zich zorgen, nu China zich steeds meer tot grootmacht ontwikkelt en Noord-Korea met kernwapens schermt. ",1
1755,"Opnieuw naschok in Haïti Haïti is zondag opnieuw getroffen door een aardbeving met een kracht van 4,7 op de schaal van Richter.  Dat meldde het Amerikaanse Geologische Instituut (USGS)",1
1760,"Achtergrond Documentaire The Apollo Documentaire The Apollo schetst de geschiedenis van de legendarische popzaal in Harlem The Apollo Theater in New York in 1985, tijdens het 50-jarig jubileum van platenmaatschappij Motown.  Beeld Ebet Roberts / Getty Het Apollo Theater in New York was hét podium voor veel van de grootste zwarte musici ooit, zoals James Brown en Ray Charles",1
1765,"Hooggerechtshof Costa Rica: verbod op homohuwelijk is in strijd met de grondwet Het Hooggerechtshof in Costa Rica heeft een wet ongrondwettelijk verklaard die huwelijken tussen mensen van hetzelfde geslacht verbood.  De huidige wet is daarnaast discriminerend, aldus het Hof",1
1775,"Rob Trip kan weer uitslapen 9 juli 2008, 18:04 HILVERSUM (ANP) - Rob Trip (48) presenteert donderdag voor de laatste keer het Radio 1 Journaal.  Hij maakt tijd vrij voor een serie van negen documentaires over de Tweede Wereldoorlog, waarvoor hij een uitstapje maakt naar de NPS",1
1780,Studenten sturen brandbrief over ban op 'zesjesstudenten' Studentenraden en -bonden van alle Nederlandse universiteiten zijn bezorgd over de toenemende selectie aan de poort bij masteropleidingen.  Ze dreigen verdere invoering ervan te blokkeren,1
1789,"Nieuwe Dallas definitief terug op TV Ruim 30 jaar na de oorspronkelijke reeks komt de Amerikaanse soapserie Dallas met een nieuwe serie afleveringen terug op de buis.  Enkele van de oorspronkelijke sterren keren terug in de nieuwe serie die door de zender TNT zal worden uitgezonden, zo meldt het Engelse blad The Guardian",1
1794,"Het eeuwige leven Hans Brugman (1919-2019) Hans Brugman was paardenman voor het leven: wel honderd jaar Nadat hij zijn bedrijf op poten had gezet, richtte hij zich op de paardensport.  Hij werd kampioen met jacht-paarden, zijn zoon haalde de Olympische Spelen als springruiter",1
1799,"Ajax: geen plannen om aandeelhouders uit te kopen Hoewel er de afgelopen weken steeds meer geluiden opgaan dat Ajax er goed aan zou doen de beurs te verlaten, is zo'n vertrek volgens financieel directeur Jeroen Slop 'niet aan de orde'.  In plaats daarvan wil hij de winst over het afgelopen boekjaar gebruiken om het eigen vermogen van de club te vergroten",1
1804,"Restaurant Goud in Rotterdam.  Beeld Els Zweerink Hiske Versprille 14 juni 2019, 12:35 Soms wou ik dat we wat ­vaker werden herkend",1
1809,"Islamtische partij Nida gaat boetes boerkaverbod betalen De islamitische politieke partij Nida gaat de boetes betalen die boerkadraagsters vanaf 1 augustus opgelegd kunnen krijgen.  Dat heeft de partij, vertegenwoordigd in de gemeenteraden van Rotterdam en Den Haag, gisteren bekendgemaakt",1
1814,Staking bij Avebe voorbij De staking bij het aardappelzetmeelconcern Avebe is na tweeënhalve week voorbij.  De leden van FNV Bondgenoten hebben woensdag ingestemd met het afgelopen nacht bereikte akkoord van hun bond met de directie van het bedrijf,1
1819,"Ja, ik ben naar de film La La Land geweest Gehuld in de juiste kleding kun je overal verstand van hebben.  Nico Dijkshoorn 11 januari 2017, 2:00 Beeld uit La La Land",1
1825,"Informatief Stof Aflevering 6 van dit filosofische programma over alledaagse vragen: Spiegeltje spiegeltje aan de wand, wie is de mooiste van het land. ",1
1829,"Nieuws bindend correctief referendum Ariejan Korteweg 28 oktober 2019, 21:23 SP-Kamerlid Ronald van Raak tijdens het wekelijkse vragenuurtje in de Tweede Kamer.  Beeld ANP Het referendum kan volgens de Raad van State ‘bijdragen aan de vermindering van de bij bepaalde burgers bestaande gevoelens van isolement, vervreemding en uitsluiting’",1
1834,"Vergewisplicht bezoeker prostituee alsnog geschrapt De nieuwe prostitutiewet van minister Opstelten (Veiligheid) is dinsdag gehavend uit het debat met de Eerste Kamer gekomen.  Prostituees moeten zich voortaan laten registreren, maar hun bezoekers hoeven zich er niet van te vergewissen dat ze met een geregistreerde prostituee van doen hebben",1
1839,Nigeria eist 6 miljard van Shell om olielek in 2011 De Nigeriaanse regering eist via de rechter zo'n 6 miljard euro schadevergoeding van olie- en gasconcern Shell.  Het bedrag zou bedoeld zijn als compensatie van schade als gevolg van een groot olielek bij het Bonga-veld in december 2011,1
1844,AMSTERDAM - Recent geweld in Israël en de Palestijnse gebieden lijkt langzaam het gewenste effect te sorteren.  Haat en nijd worden voorzichtig vervangen door begrip en verdraagzaamheid,1
1848,"Whisky niet aan te slepen door Mad Men Whisky is aan een opmars bezig.  Distilleerderijen hebben hun productie maximaal opgeschroefd, maar kunnen de vraag amper aan",1
1853,"Arjan Broere is werkzaam op het IMEC Managementopleidingen in Tilburg, een schatkamer voor een verzamelaar van kantoor-idioom, zo blijkt uit diens bijdrage aan Op het werk. ",1
1858,"ReportageOost-Oekraïne De flessen worden gecontroleerd op barstjes voordat de wijn met het koolzuurgas erin komt.  Beeld Emile Ducke In Bachmoet, een stadje aan het front in Oost-Oekraïne, liggen 13 miljoen flessen mousserende wijn onder de grond",1
1863,"Nieuws DAF DAF overtreedt sancties tegen Iran en betaalt 1,5 miljoen euro boete Gerard Reijn 10 augustus 2019, 5:00 Dat blijkt uit een bericht van Ofac, het Amerikaanse bureau dat toeziet op naleving van de sancties die Amerika uitvaardigt tegen andere landen.  Paccar betaalt niet alleen een schikking, maar moet ook maatregelen treffen om herhaling te voorkomen",1
1868,"'Maatregelen hebben nauwelijks effect op alcoholmisbruik in verkeer' In Nederland rijden nog zo'n 90 tot 125 duizend zware alcoholovertreders (1,3 promille of hoger) rond.  Dat is een schatting van de Stichting Wetenschappelijk Onderzoek Verkeersveiligheid (SWOV)",1
1873,"In de 25 jaar dat Frans Kok hoogleraar voeding was, zag hij het eetgedrag drastisch veranderen.  Nu neemt hij afscheid",1
1883,"Grensgeschil rond oorlogsmonument Een Limburgs monument in Brabant Wat doet een gedenkteken voor gesneuvelde Limburgse Jagers in 's hemelsnaam in Brabant.  Dat vraagt oud-Indiëganger Frans Clement, Limburger in hart en nieren, zich ook steeds af",1
1898,Sieraden van Ipswich: vliegende Hollanders Arnold en Frans Waar het Engelse voetbal nu barst van de buitenlanders was het eind jaren zeventig iets bijzonders.  Arnold Mühren en Frans ,1
1903,"Analyse Herbouw Notre Dame Tonie Mudde 16 april 2019, 15:34 Ze woonde vijf jaar in Parijs, is getrouwd met een Fransman, en deed haar huwelijksgeloften in de Notre-Dame.  Dus ja, de brand in de iconische kerk raakt haar enorm",1
1908,"Nieuwsgenezing Hiv Tweede hiv-patiënt genezen na transplantatie immuuncellen Artsen lijken er voor de tweede keer in geslaagd om een hiv-patiënt te genezen.  Een 40-jarige man, die uitzonderlijke immuuncellen heeft gekregen, is tweeënhalf jaar later nog altijd vrij van het virus dat hij 17 jaar geleden opliep en hoeft geen medicijnen meer te slikken",1
1913,"Foto's Marcel van den Berg | Tekst Olaf Tempelman 18 februari 2020, 21:40 De aanblik van de Maastrichtse cementfabriek was even iconisch als het protest ertegen.  Critici van een eeuw geleden vonden dat ‘de poëzie der Sint-Pietersberg’ verdween ‘onder het walgelijke proza der mergelexploitatie’",1
1918,Vrouwenpolo krijgt op weg naar Sydney eindelijk erkenning Geen land heeft zo geijverd voor erkenning voor het vrouwenwaterpolo als Nederland en na twintig jaar van wereldwijd campagne voeren lonkt eindelijk de beloning. ,1
1923,Zuid-Koreaan gaat strijd aan met Platini In navolging van Michel Platini stelt ook Chung Mong- joon zich kandidaat voor het FIFA-voorzitterschap.  De voormalige president van de Zuid-Koreaanse voetbalbond en lid van de schatrijke Hyundai-familie zet zich schrap voor een in zijn geval bij voorbaat verloren verkiezingsstrijd,1
1933,Het onverzettelijke symbool van 't Heike Wim van Est was de eerste Nederlander die de gele trui droeg in de Tour.  Een dag later lag hij in het ravijn van de Aubisque,1
1938,"'School kan een wereldtaal niet negeren' Niet de onderwijskundigen zitten achter de opmars van het Engels op school, maar ouders met een sterk realiteitsbesef, schrijft Lodewijk van Oord.  OPINIE - Lodewijk van Oord 19 juli 2013, 6:15 In de Volkskrant van 17 juli betoogt onderwijssocioloog Jaap Dronkers dat de promotie van tweetaligheid in het Nederlands onderwijs slecht is voor de sociale cohesie",1
1943,Woekerpolisklanten zijn opvallend moeilijk te bewegen tot het oversluiten of beëindigen van hun peperdure beleggingsverzekering.  De AFM gaat onderzoeken waaraan dat ligt,1
1948,"Gelukkig is Dries van Agt bij Kijken in de Ziel een stuk loslippiger dan zijn partijgenoot Jan Peter Balkenende.  Julien Althuisius 3 januari 2018, 22:38 Voor zijn nieuwste serie Kijken in de Ziel strikte Coen Verbraak de drie voormalige premiers Dries van Agt, Wim Kok en Jan Peter Balkenende",1
1953,"Weekendrecept Aubergine Maaltijdsalade met linzen, tomaat, boontjes & aubergine-yoghurtsaus (en een recept voor de restjes) Kookboekenmaker, kok en illustrator Yvette van Boven doet wat nieuws: een seizoensrecept plus een recept om de restjes op te maken.  Yvette van Boven 31 augustus 2018, 15:00 Nu de aubergines bijna gratis zijn (ik kocht een tas vol bij de Turk voor een paar euro), maak ik bergen baba ganoush",1
1958,"TIME: Mark Zuckerberg Persoon van het Jaar AMSTERDAM - De oprichter en baas van Facebook, Mark Zuckerberg, is de Persoon van het Jaar.  Althans, volgens de redactie van het Amerikaanse blad TIME",1
1963,Pastoor Van der Sluis voelt zich gebonden aan de regels die de Nederlandse bisschoppen met elkaar hebben afgesproken.  © ANP © UNKNOWN updateIn Liempde (Noord-Brabant) is ophef ontstaan na de weigering van pastoor Norbert van der Sluis om de uitvaart te verzorgen van een man die had gekozen voor euthanasie,1
1968,"Oorlog als scheppingsdaad Nederlandse gewesten voerden eind 15de, begin 16de eeuw, bijna voortdurend oorlog.  Dat legde de basis voor de succesvolle opstand tegen Spanje",1
1973,"Roeien: Van Eupen soeverein naar halve finale 20 augustus 2006, 14:08 ETON (ANP) - Marit van Eupen heeft zich zondagmorgen soeverein gekwalificeerd voor de halve finale van de wereldkampioenschappen roeien in Eton.  De eerste serie op dit onderdeel leverde een overwinning op voor de Spaanse roeister Teresa Mas de Xaxars",1
1978,"Guido van Woerkom, nu nog baas van de ANWB, is gekozen tot nieuwe Nationale Ombudsman.  Hij kreeg steun van een meerderheid van 91 Tweede Kamerleden en heeft de functie aanvaard",1
1983,"Generaal VS: kosten JSF moeten zakken De kosten voor de F-35 of Joint Strike Fighter (JSF) moeten omlaag, anders 'wordt het toestel mogelijk te duur voor onze partners'.  Dat zei de Amerikaanse luitenant-generaal Christopher Bogdan donderdag in de Tweede Kamer",1
1993,"Redactie 12 januari 2016, 20:30 Duitsers en Peruviaan omgekomen bij aanslag Istanbul Bij een explosie op een toeristisch plein in de Turkse stad Istanbul zijn zeker tien doden en vijftien gewonden gevallen.  Onder de doden zijn negen Duitsers, zegt een anonieme regeringsambtenaar tegen persbureau AP",1
1998,"Overschot aan leraren basisschool Aankomende leraren in het basisonderwijs zullen dit jaar moeilijk aan een baan komen.  Het tekort aan onderwijzers dat de laatste jaren bestond, zal omslaan in een overschot, verwachten pabo's",1
