text,text_count
| Het Financieele Dagblad FD.nl maakt gebruik van cookies om de website en het gebruiksgemak te verbeteren. Voor meer informatie klik hier.X,28
) Internationale economie (27514) Multinationals (18103) Investeringen (16375) Aandelen (14436) Verenigde Staten (13850) Omzetcijfers (13455) Arbeidsmarkt (12921) EU (11642) Jaarverslag (11233),18
(1) Internationale economie (27514) Multinationals (18118) Investeringen (16522) Aandelen (14591) Verenigde Staten (13860) Omzetcijfers (13485) Arbeidsmarkt (12979) EU (11788) Jaarverslag (11240),14
) Internationale economie (27514) Multinationals (18118) Investeringen (16523) Aandelen (14593) Verenigde Staten (13860) Omzetcijfers (13486) Arbeidsmarkt (12979) EU (11791) Jaarverslag (11240),13
) Internationale economie (27514) Multinationals (18118) Investeringen (16522) Aandelen (14591) Verenigde Staten (13860) Omzetcijfers (13485) Arbeidsmarkt (12979) EU (11788) Jaarverslag (11240),11
’’ In De Vonk vertelt wekelijks iemand over een beslissend moment in zijn of haar loopbaan. Deze week:,11
(1) Internationale economie (27514) Multinationals (18118) Investeringen (16518) Aandelen (14590) Verenigde Staten (13860) Omzetcijfers (13485) Arbeidsmarkt (12979) EU (11781) Jaarverslag (11240),10
&url=http%3A%2F%2Ffd.nl%2Ftemplate%2Fframework%2Fwireframe%2Fdefault.jsp&type=article&pubId=61&ctxId=1,10
In De Vonk vertelt wekelijks iemand over een beslissend moment in zijn of haar loopbaan. Deze week:,8
) Internationale economie (27514) Multinationals (18134) Investeringen (16629) Aandelen (14714) Verenigde Staten (13862) Omzetcijfers (13595) Arbeidsmarkt (13011) EU (11889) Jaarverslag (11247),8
) Internationale economie (27514) Multinationals (18134) Investeringen (16618) Aandelen (14707) Verenigde Staten (13862) Omzetcijfers (13588) Arbeidsmarkt (13008) EU (11888) Jaarverslag (11247),8
en | Het Financieele Dagblad FD.nl maakt gebruik van cookies om de website en het gebruiksgemak te verbeteren. Voor meer informatie klik hier.X,8
) FD Persoonlijk (1) Internationale economie (27514) Multinationals (18103) Investeringen (16375) Aandelen (14436) Verenigde Staten (13850) Omzetcijfers (13455) Arbeidsmarkt (12921) EU (11642) Jaarverslag (11233),8
Welk gesprek zette je aan het denken of in beweging? In de serie ‘Het gesprek van je leven’ deze keer,7
) Internationale economie (27514) Multinationals (18114) Investeringen (16493) Aandelen (14560) Verenigde Staten (13860) Omzetcijfers (13477) Arbeidsmarkt (12968) EU (11755) Jaarverslag (11238),7
(1) Internationale economie (27514) Multinationals (18134) Investeringen (16618) Aandelen (14707) Verenigde Staten (13862) Omzetcijfers (13588) Arbeidsmarkt (13008) EU (11888) Jaarverslag (11247),7
g | Het Financieele Dagblad FD.nl maakt gebruik van cookies om de website en het gebruiksgemak te verbeteren. Voor meer informatie klik hier.X,7
) Internationale economie (27514) Multinationals (18118) Investeringen (16523) Aandelen (14598) Verenigde Staten (13861) Omzetcijfers (13488) Arbeidsmarkt (12979) EU (11793) Jaarverslag (11240),7
"Lees meer in FD Persoonlijk , het weekend magazine van Het Financieele Dagblad over ... mensen, cultuur, lifestyle, reizen, carrière en personal finance.",7
) Internationale economie (27514) Multinationals (18100) Investeringen (16357) Aandelen (14416) Verenigde Staten (13847) Omzetcijfers (13453) Arbeidsmarkt (12910) EU (1162,6
(1) Internationale economie (27514) Multinationals (18114) Investeringen (16494) Aandelen (14562) Verenigde Staten (13860) Omzetcijfers (13477) Arbeidsmarkt (12969) EU (11762) Jaarverslag (11238),6
e serie 'Coronakronieken' vertellen mensen over de impact van corona op hun professionele en persoonlijke leven. Vandaag:,6
(1) Internationale economie (27514) Multinationals (18103) Investeringen (16376) Aandelen (14436) Verenigde Staten (13850) Omzetcijfers (13455) Arbeidsmarkt (12923) EU (11642) Jaarverslag (11233),6
) Internationale economie (27514) Multinationals (18114) Investeringen (16494) Aandelen (14562) Verenigde Staten (13860) Omzetcijfers (13477) Arbeidsmarkt (12969) EU (11762) Jaarverslag (11238),6
20 Annemiek Leclaire Welk gesprek zette je aan het denken of in beweging? Welke conversatie had grote invloed? In de serie ‘Het gesprek van je leven’ vraagt journalist Annemiek Leclaire mensen naar dat gesprek. In deze,6
gen (1) Internationale economie (27514) Multinationals (18118) Investeringen (16522) Aandelen (14591) Verenigde Staten (13860) Omzetcijfers (13485) Arbeidsmarkt (12979) EU (11788) Jaarverslag (11240),6
&url=http%3A%2F%2Ffd.nl%2Ftemplate%2Fframework%2Fwireframe%2Fdefault.jsp&type=article&pubId=61&ctxId=,6
’ Iedere week bespreekt FD Persoonlijk een woning die op zoek is naar een nieuwe eigenaar. Deze week een,6
) Internationale economie (27514) Multinationals (18134) Investeringen (16629) Aandelen (14715) Verenigde Staten (13862) Omzetcijfers (13596) Arbeidsmarkt (13011) EU (11889) Jaarverslag (11247),6
) Internationale economie (27514) Multinationals (18134) Investeringen (16634) Aandelen (14723) Verenigde Staten (13862) Omzetcijfers (13,6
u graag via ons gratis telefoonnummer 0800 666 6667 (ma t/m vrij 07.30 – 18.00 / za 07.30 - 11.30).,6
