Sequence id,Model size,Input sequence (ground truth),Input sequence (masked),Model output sequence,Masked tokens,Filled tokens,Number of masked tokens,Masking percentage,Duplicate count,Levenshtein distances,Levenshtein distance (avg)
seq0-0,large,Miljoenen Afghanen leven onder de armoedegrens. Buitenlandse donoren bieden weinig hulp omdat de Taliban vrouwenrechten drastisch beperkten. Vermindering van de internationale hulp zal dezelfde Afghaanse vrouwen die we hopen te steunen alleen maar meer laten lijden.,Miljoenen Afghanen <extra_id_0> armoedegrens. Buitenlandse donoren bieden weinig hulp omdat de Taliban vrouwenrechten drastisch beperkten. Vermindering van de internationale hulp zal <extra_id_1> die we <extra_id_2> alleen maar meer laten lijden.,Miljoenen Afghanen leven onder de armoedegrens. Buitenlandse donoren bieden weinig hulp omdat de Taliban vrouwenrechten drastisch beperkten. Vermindering van de internationale hulp zal de bevolking die we alleen maar meer laten lijden.,"['leven onder de', 'dezelfde Afghaanse vrouwen', 'hopen te steunen']","['leven onder de', 'de bevolking', '']",9,25,1,"[0.0, 0.7692307692307693, 1.0]",0.59
seq1-0,large,Defensie voert de druk op om te dienen bij de krijgsmacht. Jongeren reageren verdeeld.,Defensie voert de druk <extra_id_0> bij de krijgsmacht. Jongeren reageren verdeeld.,Defensie voert de druk op bij de krijgsmacht. Jongeren reageren verdeeld.,['op om te dienen'],['op'],4,25,1,[0.8666666666666667],0.87
seq2-0,large,"Netbeheerder Tennet heeft met de aanleg van een stroomkabel mogelijk onomkeerbare schade aangebracht aan kwetsbare natuur op landgoed Twickel, concludeerde de provincie Overijssel donderdag.","Netbeheerder Tennet heeft met de aanleg van een stroomkabel mogelijk <extra_id_0> aan kwetsbare natuur op landgoed Twickel, <extra_id_1> Overijssel donderdag.","Netbeheerder Tennet heeft met de aanleg van een stroomkabel mogelijk schade aan kwetsbare natuur op landgoed Twickel, meldt de provincie Overijssel donderdag.","['onomkeerbare schade aangebracht', 'concludeerde de provincie']","['schade', 'meldt de provincie']",6,25,1,"[0.8064516129032258, 0.4]",0.6
seq3-0,large,Noord-Korea is weer begonnen met het versturen van ballonnen met afval naar Zuid-Korea. In en rond Seoul en in de grensstreek werden zondagochtend tientallen ballonnen gevonden. In reactie zet Zuid-Korea de grote luidsprekers bij de grens weer aan en zullen nieuwsuitzendingen en popmuziek de grens over schallen.,Noord-Korea is weer begonnen met het versturen van ballonnen met afval naar Zuid-Korea. In en rond Seoul en in de grensstreek werden <extra_id_0> gevonden. <extra_id_1> Zuid-Korea de grote luidsprekers bij <extra_id_2> aan <extra_id_3> en popmuziek de grens over schallen.,Noord-Korea is weer begonnen met het versturen van ballonnen met afval naar Zuid-Korea. In en rond Seoul en in de grensstreek werden afval gevonden. In Zuid-Korea de grote luidsprekers bij de huizen aan het gebouw laten de nieuwe soorten muziek en popmuziek de grens over schallen.,"['zondagochtend tientallen ballonnen', 'In reactie zet', 'de grens weer', 'en zullen nieuwsuitzendingen']","['afval', 'In', 'de huizen', 'het gebouw laten de nieuwe soorten muziek']",12,25,1,"[0.9117647058823529, 0.8571428571428571, 0.6923076923076923, 0.6097560975609756]",0.77
seq4-0,large,"Voor de energietransitie zijn grote hoeveelheden metalen nodig, zoals nikkel. Planten kunnen daarbij helpen. Er worden steeds meer soorten ontdekt die zulke metalen uit de grond opnemen.","Voor de energietransitie zijn grote hoeveelheden metalen nodig, zoals nikkel. Planten kunnen daarbij helpen. Er worden steeds meer soorten <extra_id_0> uit <extra_id_1>","Voor de energietransitie zijn grote hoeveelheden metalen nodig, zoals nikkel. Planten kunnen daarbij helpen. Er worden steeds meer soorten planten uit de natuur gemaakt.","['ontdekt die zulke metalen', 'de grond opnemen.']","['planten', 'gemaakt.']",7,25,1,"[0.84, 0.8823529411764706]",0.86
seq5-0,large,De eindexamens in het voortgezet onderwijs zijn begonnen. De Volkskrant doet de komende weken verslag. Historicus Maarten van Rossem buigt zich over het vwo-examen geschiedenis.,De eindexamens in het <extra_id_0> begonnen. De Volkskrant doet de komende weken verslag. Historicus Maarten <extra_id_1> zich over het vwo-examen geschiedenis.,De eindexamens in het vwo zijn begonnen. De Volkskrant doet de komende weken verslag. Historicus Maarten van der Laan buigt zich over het vwo-examen geschiedenis.,"['voortgezet onderwijs zijn', 'van Rossem buigt']","['vwo zijn', 'van der Laan buigt']",6,25,1,"[0.72, 0.4444444444444444]",0.58
seq6-0,large,"Ik sta op zaterdagmiddag rond 13.00 uur midden op de Amsterdamse Kalverstraat. Het moet een van de drukste plekken van het land zijn, en ik kijk door de lens van de camera van een professional, die allerlei lenzen tevoorschijn kan toveren.","Ik sta op zaterdagmiddag rond 13.00 uur midden op de Amsterdamse <extra_id_0> een van de drukste plekken van het land zijn, en ik kijk door de lens <extra_id_1> een professional, die allerlei <extra_id_2> toveren.","Ik sta op zaterdagmiddag rond 13.00 uur midden op de Amsterdamse pleinen, die een van de drukste plekken van het land zijn, en ik kijk door de lens van een professional, die allerlei dingen uit elkaar moet toveren.","['Kalverstraat. Het moet', 'van de camera van', 'lenzen tevoorschijn kan']","['pleinen, die', 'van', 'dingen uit elkaar moet']",10,25,1,"[0.8181818181818182, 0.8235294117647058, 0.8260869565217391]",0.82
seq7-0,large,"Carlos Alcaraz heeft voor het eerst in zijn carrire Roland Garros gewonnen. De 21-jarige Spanjaard won de bloedstollende vijfsetter (3-6, 6-2, 7-5, 1-6, 2-6) van Alexander Zverev en trok daarmee de ongeslagen reeks in finales door.","Carlos Alcaraz heeft voor het eerst in zijn carrire Roland Garros gewonnen. De 21-jarige Spanjaard won <extra_id_0> (3-6, 6-2, 7-5, 1-6, 2-6) <extra_id_1> en <extra_id_2> ongeslagen reeks in finales door.","Carlos Alcaraz heeft voor het eerst in zijn carrire Roland Garros gewonnen. De 21-jarige Spanjaard won met 6-3 (3-6, 6-2, 7-5, 1-6, 2-6) van Andy Murray en bracht zijn ongeslagen reeks in finales door.","['de bloedstollende vijfsetter', 'van Alexander Zverev', 'trok daarmee de']","['met 6-3', 'van Andy Murray', 'bracht zijn']",9,25,1,"[0.8928571428571429, 0.55, 0.8666666666666667]",0.77
seq8-0,large,Met een spectaculaire reddingsoperatie wist het Isralische leger zaterdag vier gijzelaars te bevrijden. De prijs aan Palestijnse zijde is echter ongekend hoog. Wat betekent deze actie voor de ongeveer 120 gijzelaars die nog vastzitten?,Met een spectaculaire reddingsoperatie wist het Isralische leger zaterdag vier gijzelaars <extra_id_0> prijs aan Palestijnse zijde is echter ongekend <extra_id_1> deze actie voor de ongeveer 120 gijzelaars die <extra_id_2>,Met een spectaculaire reddingsoperatie wist het Isralische leger zaterdag vier gijzelaars te redden. De prijs aan Palestijnse zijde is echter ongekend Het was deze actie voor de ongeveer 120 gijzelaars die,"['te bevrijden. De', 'hoog. Wat betekent', 'nog vastzitten?']","['te redden. De', 'Het was', '']",8,25,1,"[0.3125, 0.8888888888888888, 1.0]",0.73
seq9-0,large,"Het hoofdlijnenakkoord van het kabinet-in-wording begint met een gedicht. Nederland is een prachtig land./ Een land om trots op te zijn. En zo gaat het nog een beetje door, totdat er onverwacht een lange zin volgt.",Het hoofdlijnenakkoord van het <extra_id_0> een gedicht. <extra_id_1> prachtig land./ Een land om trots op te zijn. En zo gaat het nog een beetje <extra_id_2> onverwacht een lange zin volgt.,Het hoofdlijnenakkoord van het kabinet is een gedicht. Een prachtig land./ Een land om trots op te zijn. En zo gaat het nog een beetje door tot er onverwacht een lange zin volgt.,"['kabinet-in-wording begint met', 'Nederland is een', 'door', 'totdat er']","['kabinet is', 'Een', 'door tot er']",9,25,1,"[0.6896551724137931, 0.875, 0.6363636363636364]",0.73
seq10-0,large,"En nog zijn PVV, VVD, NSC en BBB het niet eens over de verdeling van de ministersposten. Zo maken de vier partijen het het aanstaande kabinet wel heel lastig. Want als de nieuwe premier niet op de volgende Europese top van 27 juni verschijnt, staat hij al meteen 1-0 achter, schrijft politiek verslaggever Hans van Soest in dit commentaar.","En nog zijn PVV, VVD, NSC en BBB het niet eens over de verdeling <extra_id_0> Zo maken de vier partijen het het aanstaande kabinet <extra_id_1> Want als <extra_id_2> niet op de volgende Europese top van 27 juni verschijnt, staat hij al meteen 1-0 achter, schrijft <extra_id_3> van Soest <extra_id_4>","En nog zijn PVV, VVD, NSC en BBB het niet eens over de verdeling van de taken. Zo maken de vier partijen het het aanstaande kabinet moeilijk. Want als hij niet op de volgende Europese top van 27 juni verschijnt, staat hij al meteen 1-0 achter, schrijft Willem van Soest","['van de ministersposten.', 'wel heel lastig.', 'de nieuwe premier', 'politiek verslaggever Hans', 'in dit commentaar.']","['van de taken.', 'moeilijk.', 'hij', 'Willem', '']",15,25,1,"[0.5217391304347826, 0.8125, 0.9411764705882353, 0.8846153846153846, 1.0]",0.83
seq11-0,large,Zon 22.000 kinderen worden jaarlijks voor korte of langere periode opgevangen door pleegouders. Een uitgebreide screening moet ervoor zorgen dat ze geschikt zijn om deze zorg te dragen. Hoe kon het in Vlaardingen dan toch zo misgaan?,Zon 22.000 kinderen worden jaarlijks voor korte of langere periode opgevangen door pleegouders. Een uitgebreide screening moet ervoor <extra_id_0> geschikt <extra_id_1> zorg te dragen. Hoe <extra_id_2> Vlaardingen dan toch zo misgaan?,Zon 22.000 kinderen worden jaarlijks voor korte of langere periode opgevangen door pleegouders. Een uitgebreide screening moet ervoor zorgen dat pleegouders geschikt zijn om voor hun kind zorg te dragen. Hoe kan het in Vlaardingen dan toch zo misgaan?,"['zorgen dat ze', 'zijn om deze', 'kon het in']","['zorgen dat pleegouders', 'zijn om voor hun kind', 'kan het in']",9,25,1,"[0.45454545454545453, 0.6190476190476191, 0.1]",0.39
seq12-0,large,"Garry Conille, nog geen twee weken geleden als tijdelijke premier van Hati aangesteld, is zaterdag in het ziekenhuis in Port-au-Prince opgenomen.","Garry Conille, nog geen twee weken geleden als <extra_id_0> van <extra_id_1> zaterdag in het ziekenhuis in Port-au-Prince opgenomen.","Garry Conille, nog geen twee weken geleden als jongen van vijfjarigen zaterdag in het ziekenhuis in Port-au-Prince opgenomen.","['tijdelijke premier', 'Hati aangesteld', 'is']","['jongen', 'vijfjarigen']",5,25,1,"[0.8888888888888888, 0.8]",0.84
seq13-0,large,Inbrekers hebben afgelopen nacht voor ongeveer een half miljoen euro aan juwelen buitgemaakt bij de luxe juwelier Bulgari in Rome.,Inbrekers hebben afgelopen nacht voor ongeveer een half <extra_id_0> aan juwelen buitgemaakt bij de luxe <extra_id_1> Rome.,Inbrekers hebben afgelopen nacht voor ongeveer een half miljoen euro aan juwelen buitgemaakt bij de luxe hotel in Rome.,"['miljoen euro', 'juwelier Bulgari in']","['miljoen euro', 'hotel in']",5,25,1,"[0.0, 0.7368421052631579]",0.37
seq14-0,large,De van televisie bekende Henritte Momma is eind vorige maand op 90-jarige leeftijd overleden. Miljoenen Nederlanders leerden haar de afgelopen jaren kennen als de liefdevolle en zorgzame moeder van de autistische kunstenaar Kees Momma.,De van televisie bekende Henritte <extra_id_0> vorige maand op 90-jarige leeftijd overleden. Miljoenen Nederlanders leerden haar de afgelopen jaren kennen als de liefdevolle en zorgzame moeder <extra_id_1> kunstenaar <extra_id_2>,De van televisie bekende Henritte van der Meulen is vorige maand op 90-jarige leeftijd overleden. Miljoenen Nederlanders leerden haar de afgelopen jaren kennen als de liefdevolle en zorgzame moeder van kunstenaar,"['Momma is eind', 'van de autistische', 'Kees Momma.']","['van der Meulen is', 'van', '']",8,25,1,"[0.8823529411764706, 0.8333333333333334, 1.0]",0.91
seq15-0,large,"Naar aanleiding van de grote hoeveelheid pfas in eieren rond de fabriek van Chemours in Dordrecht, start het RIVM een nieuw onderzoek. Het rijksinstituut wil weten of nog meer eieren van hobbykippen schadelijke hoeveelheden van de chemische stoffen bevatten.","Naar aanleiding van de grote hoeveelheid <extra_id_0> rond de <extra_id_1> in Dordrecht, <extra_id_2> nieuw onderzoek. Het rijksinstituut wil weten of nog meer eieren van hobbykippen schadelijke hoeveelheden van de chemische stoffen bevatten.","Naar aanleiding van de grote hoeveelheid afval rond de hobbykippen in Dordrecht, start een nieuw onderzoek. Het rijksinstituut wil weten of nog meer eieren van hobbykippen schadelijke hoeveelheden van de chemische stoffen bevatten.","['pfas in eieren', 'fabriek van Chemours', 'start het RIVM een']","['afval', 'hobbykippen', 'start een']",10,25,1,"[0.9285714285714286, 0.85, 0.5]",0.76
seq16-0,large,Voor deze rubriek sturen lezers fotos in van hun ouders. Deze keer stuurde Peter Boomsma (1960) een door F.C.D. Popken gemaakte foto in van zijn ouders Hennie Boomsma-Wieten (1932-1999) en Jelle Boomsma (1927-2010).,Voor deze rubriek sturen lezers fotos in van <extra_id_0> keer stuurde Peter <extra_id_1> een door F.C.D. Popken gemaakte foto in van zijn ouders Hennie Boomsma-Wieten (1932-1999) <extra_id_2> (1927-2010).,Voor deze rubriek sturen lezers fotos in van hun ouders. Dit keer stuurde Peter Wieringa een door F.C.D. Popken gemaakte foto in van zijn ouders Hennie Boomsma-Wieten (1932-1999) en Jan Wieringa (1927-2010).,"['hun ouders. Deze', 'Boomsma (1960)', 'en Jelle Boomsma']","['hun ouders. Dit', 'Wieringa', 'en Jan Wieringa']",8,25,1,"[0.1875, 1.0, 0.6875]",0.62
seq17-0,large,De Luxemburgse Vicky Krieps is een van de meest gewilde actrices van Europa. Ze is gespecialiseerd in personages die alleen hun blik hebben en zo mannen een spiegel voorhouden.,De Luxemburgse <extra_id_0> van de meest gewilde actrices van Europa. Ze is gespecialiseerd in personages die alleen hun <extra_id_1> zo mannen een spiegel voorhouden.,De Luxemburgse is een van de meest gewilde actrices van Europa. Ze is gespecialiseerd in personages die alleen hun gezichten tonen en zo mannen een spiegel voorhouden.,"['Vicky Krieps is een', 'blik hebben en']","['is een', 'gezichten tonen en']",7,25,1,"[0.6842105263157895, 0.6111111111111112]",0.65
seq18-0,large,"Het Nederlandse poststelsel moet op de schop omdat PostNL wettelijke normen structureel niet haalt, volgens de minister.","Het Nederlandse poststelsel moet op de schop <extra_id_0> structureel niet haalt, volgens de minister.","Het Nederlandse poststelsel moet op de schop omdat het de resultaten structureel niet haalt, volgens de minister.",['omdat PostNL wettelijke normen'],['omdat het de resultaten'],4,25,1,[0.6],0.6
seq19-0,large,Is dit fascisme? Het is de vraag die telkens terugkomt. Baudets opmerking over homeopathische verdunning: is dit fascisme? De bestorming van het Capitool: is dit fascisme? Poetins strijd tegen -lhbti-activisten: is dit fascisme?,<extra_id_0> Het is de vraag die telkens terugkomt. Baudets opmerking over homeopathische verdunning: is dit fascisme? De <extra_id_1> het Capitool: <extra_id_2> Poetins strijd tegen -lhbti-activisten: is dit fascisme?,Het is de vraag die telkens terugkomt. Baudets opmerking over homeopathische verdunning: is dit fascisme? De bijeenkomst in het Capitool: is dit fascisme? Poetins strijd tegen -lhbti-activisten: is dit fascisme?,"['Is dit fascisme?', 'bestorming van', 'is dit fascisme?']","['', 'bijeenkomst in', 'is dit fascisme?']",8,25,1,"[1.0, 0.7857142857142857, 0.0]",0.6
seq20-0,large,"China plant een golf aan nieuwe ruimtemissies naar planetoden. Voor de wetenschap en om grondstoffen te winnen. Maar hoe leg je daar aan? Met borende pootjes, lassos of toch weer een harpoen?","China <extra_id_0> aan nieuwe ruimtemissies naar planetoden. Voor de wetenschap en <extra_id_1> te winnen. <extra_id_2> je daar aan? Met borende pootjes, lassos of toch weer een harpoen?","China werkt aan nieuwe ruimtemissies naar planetoden. Voor de wetenschap en voor de mensheid is er veel te winnen. Hoe pak je daar aan? Met borende pootjes, lassos of toch weer een harpoen?","['plant een golf', 'om grondstoffen', 'Maar hoe leg']","['werkt', 'voor de mensheid is er veel', 'Hoe pak']",8,25,1,"[0.9285714285714286, 0.7777777777777778, 0.75]",0.82
seq21-0,large,Vier grote zonnepanelenbedrijven van Booking.com-miljonair Kees Koolen zijn failliet. Dat heeft grote gevolgen voor duizenden klanten. Hoe heeft dit kunnen gebeuren?,Vier grote zonnepanelenbedrijven van Booking.com-miljonair Kees Koolen zijn <extra_id_0> grote <extra_id_1> duizenden klanten. Hoe heeft dit kunnen gebeuren?,Vier grote zonnepanelenbedrijven van Booking.com-miljonair Kees Koolen zijn zonder grote problemen vertrokken met duizenden klanten. Hoe heeft dit kunnen gebeuren?,"['failliet. Dat heeft', 'gevolgen voor']","['zonder', 'problemen vertrokken met']",5,25,1,"[0.9473684210526315, 0.75]",0.85
seq22-0,large,"Door het eindeloos lange premierschap van Mark Rutte zaten tekenaars jarenlang aan de politicus vast. Wat hebben zij over Rutte als tekenobject te zeggen, nu hij bijna vertrekt? Vooruitstekende kin, spleetoogjes: je zet hem relatief makkelijk neer.","Door het eindeloos lange premierschap van Mark Rutte zaten tekenaars jarenlang aan de politicus vast. Wat hebben zij over <extra_id_0> te zeggen, nu hij bijna vertrekt? Vooruitstekende kin, <extra_id_1> hem <extra_id_2>","Door het eindeloos lange premierschap van Mark Rutte zaten tekenaars jarenlang aan de politicus vast. Wat hebben zij over hem te zeggen, nu hij bijna vertrekt? Vooruitstekende kin, zonder hem te spreken.","['Rutte als tekenobject', 'spleetoogjes: je zet', 'relatief makkelijk neer.']","['hem', 'zonder', 'spreken.']",9,25,1,"[0.9523809523809523, 0.9, 0.7916666666666666]",0.88
seq23-0,large,"Voor zijn kinderboekje over klimaatverandering kreeg lector Kees Klomp de Over Hoop Prijs. Scholen knnen het niet weghouden bij kinderen, het onderwerp is overal.","Voor zijn kinderboekje over klimaatverandering <extra_id_0> Klomp de Over Hoop <extra_id_1> het niet weghouden bij kinderen, het onderwerp is overal.","Voor zijn kinderboekje over klimaatverandering Klomp de Over Hoop kan hij het niet weghouden bij kinderen, het onderwerp is overal.","['kreeg lector Kees', 'Prijs. Scholen knnen']","['', 'kan hij']",6,25,1,"[1.0, 0.9]",0.95
seq24-0,large,PSV heeft als verrassing vrijdag voor de ingang van het Philips Stadion een bronzen beeld onthuld om de jarenlange samenwerking met Guus Meeuwis passend af te sluiten. Volgende week begint de zanger aan zijn laatste reeks Groots-concerten.,PSV heeft als verrassing vrijdag voor de ingang van het Philips Stadion een bronzen beeld onthuld om de jarenlange samenwerking met Guus Meeuwis <extra_id_0> sluiten. Volgende week begint <extra_id_1> zijn <extra_id_2>,PSV heeft als verrassing vrijdag voor de ingang van het Philips Stadion een bronzen beeld onthuld om de jarenlange samenwerking met Guus Meeuwis af te sluiten. Volgende week begint hij zijn nieuwe carrière.,"['passend af te', 'de zanger aan', 'laatste reeks Groots-concerten.']","['af te', 'hij', 'carrière.']",9,25,1,"[0.6153846153846154, 1.0, 0.8064516129032258]",0.81
seq25-0,large,In 2015 was het onmogelijk dat Barack Obama de hand van William Ruto zou schudden. Op zoek naar nieuwe partners in Afrika maken de Amerikanen de president van Kenia nu het hof.,In 2015 was <extra_id_0> dat Barack Obama <extra_id_1> William Ruto zou schudden. Op zoek naar nieuwe partners in Afrika maken de Amerikanen de <extra_id_2> nu het hof.,In 2015 was het mogelijk dat Barack Obama de hand van William Ruto zou schudden. Op zoek naar nieuwe partners in Afrika maken de Amerikanen de fout. Rutte bezoekt nu het hof.,"['het onmogelijk', 'de hand van', 'president van Kenia']","['het mogelijk', 'de hand van', 'fout. Rutte bezoekt']",8,25,1,"[0.14285714285714285, 0.0, 0.9473684210526315]",0.36
seq26-0,large,Ilya Sutskever vertrekt bij OpenAI. De mede-oprichter was lange tijd het geweten van het AI-bedrijf. Vorig jaar stond hij lijnrecht tegenover topman Sam Altman. Sutskevers afscheid overschaduwt alle opwinding over de nieuwe superchatbot van OpenAI.,Ilya <extra_id_0> OpenAI. De mede-oprichter was lange tijd het geweten <extra_id_1> Vorig <extra_id_2> lijnrecht tegenover topman Sam Altman. Sutskevers afscheid overschaduwt alle opwinding over de nieuwe superchatbot van OpenAI.,Ilya Sutskevicius van OpenAI. De mede-oprichter was lange tijd het geweten van OpenAI. Vorig jaar stond hij lijnrecht tegenover topman Sam Altman. Sutskevers afscheid overschaduwt alle opwinding over de nieuwe superchatbot van OpenAI.,"['Sutskever vertrekt bij', 'van het AI-bedrijf.', 'jaar stond hij']","['Sutskevicius van', 'van OpenAI.', 'jaar stond hij']",9,25,1,"[0.6363636363636364, 0.631578947368421, 0.0]",0.42
seq27-0,large,"Het hoofdlijnenakkoord van het kabinet-in-wording begint met een gedicht. Nederland is een prachtig land./ Een land om trots op te zijn. En zo gaat het nog een beetje door, totdat er onverwacht een lange zin volgt.","Het <extra_id_0> kabinet-in-wording begint met een gedicht. Nederland is een prachtig land./ Een land om trots op te zijn. En zo gaat het <extra_id_1> door, totdat er onverwacht <extra_id_2> volgt.","Het eerste kabinet-in-wording begint met een gedicht. Nederland is een prachtig land./ Een land om trots op te zijn. En zo gaat het verhaal door, totdat er onverwacht een einde volgt.","['hoofdlijnenakkoord van het', 'nog een beetje', 'een lange zin']","['eerste', 'verhaal', 'een einde']",9,25,1,"[0.8846153846153846, 0.9285714285714286, 0.5384615384615384]",0.78
seq28-0,large,"Stoelen, banken, pallets, fietsen  de barricades die zijn opgeworpen door de demonstranten die het universiteitsgebouw in de Amsterdamse binnenstad hebben bezet, blijken weinig partij voor de ME.","Stoelen, banken, pallets, fietsen de barricades die zijn opgeworpen door de demonstranten die <extra_id_0> Amsterdamse binnenstad hebben bezet, blijken weinig partij <extra_id_1>","Stoelen, banken, pallets, fietsen de barricades die zijn opgeworpen door de demonstranten die de Amsterdamse binnenstad hebben bezet, blijken weinig partij te hebben.","['het universiteitsgebouw in de', 'voor de ME.']","['de', 'hebben.']",7,25,1,"[0.9310344827586207, 0.8181818181818182]",0.87
seq29-0,large,"Was aan de lijn is een levend kunstwerk. De was heeft een vaste volgorde, groot bij groot, soort bij soort, sok bij sok, kleur bij kleur.","Was aan de lijn is een levend kunstwerk. De was heeft een vaste volgorde, groot bij groot, soort <extra_id_0> bij <extra_id_1> kleur.","Was aan de lijn is een levend kunstwerk. De was heeft een vaste volgorde, groot bij groot, soort bij soortelijk, kleur bij kleur.","['bij soort', 'sok', 'sok', 'kleur bij']","['', 'soortelijk, kleur bij']",6,25,1,"[1.0, 0.8571428571428571]",0.93
seq30-0,large,In 2015 was het onmogelijk dat Barack Obama de hand van William Ruto zou schudden.,In 2015 was het <extra_id_0> de hand van William Ruto zou schudden.,In 2015 was het niet bekend of de koning de hand van William Ruto zou schudden.,['onmogelijk dat Barack Obama'],['niet bekend of de koning'],4,25,1,[0.8888888888888888],0.89
seq31-0,large,"Nederlanders douchen steeds meer, liefst twee keer per dag, met warm water en veel sop. Volgens dermatologen is dat echt te veel voor onze huid.","Nederlanders douchen steeds meer, liefst <extra_id_0> dag, met warm water en <extra_id_1> dermatologen is dat echt te veel voor onze huid.","Nederlanders douchen steeds meer, liefst elke dag, met warm water en shampoo. Volgens dermatologen is dat echt te veel voor onze huid.","['twee keer per', 'veel sop. Volgens']","['elke', 'shampoo. Volgens']",6,25,1,"[0.7692307692307693, 0.4117647058823529]",0.59
seq32-0,large,"Nog nooit kregen zo weinig babys borstvoeding. Er wordt te weinig ruimte voor gegeven, zeggen jonge moeders in Lelystad. Ik doe het meestal in de auto, de ramen zijn geblindeerd.","Nog <extra_id_0> weinig babys borstvoeding. Er wordt te weinig ruimte voor gegeven, zeggen <extra_id_1> in Lelystad. Ik doe het meestal in de auto, de <extra_id_2>","Nog steeds geven weinig babys borstvoeding. Er wordt te weinig ruimte voor gegeven, zeggen ze in Lelystad. Ik doe het meestal in de auto, de","['nooit kregen zo', 'jonge moeders', 'ramen zijn geblindeerd.']","['steeds geven', 'ze', '']",8,25,1,"[0.8, 0.9230769230769231, 1.0]",0.91
seq33-0,large,"Zelden zo weinig gedubd over mijn stem als bij deze Europese verkiezingen; er moet een flink tegenwicht komen tegen Europees radicaal- en extreemrechts, en de fractie van de socialisten en democraten is daar, ook getalsmatig het best toe uitgerust.","Zelden zo weinig gedubd over <extra_id_0> bij deze <extra_id_1> een flink tegenwicht komen tegen Europees radicaal- en extreemrechts, en <extra_id_2> de socialisten en democraten is daar, ook getalsmatig het best toe uitgerust.","Zelden zo weinig gedubd over Het moet bij deze partij een flink tegenwicht komen tegen Europees radicaal- en extreemrechts, en de partij van de socialisten en democraten is daar, ook getalsmatig het best toe uitgerust.","['mijn stem als', 'Europese verkiezingen; er moet', 'de fractie van']","['Het moet', 'partij', 'de partij van']",10,25,1,"[0.8461538461538461, 0.9, 0.2857142857142857]",0.68
seq34-0,large,In Maastricht zijn drie studenten al zeven dagen in hongerstaking om het universiteitsbestuur te dwingen alle banden met Isral te verbreken. Hongerstaker Alex verloor al 6 kilo aan gewicht. We zagen geen andere oplossing.,In Maastricht zijn drie studenten al zeven dagen in hongerstaking om het universiteitsbestuur te dwingen alle banden met Isral <extra_id_0> Alex verloor <extra_id_1> kilo aan gewicht. <extra_id_2> andere oplossing.,In Maastricht zijn drie studenten al zeven dagen in hongerstaking om het universiteitsbestuur te dwingen alle banden met Isral te sussen. Alex verloor al tien kilo aan gewicht. Hij ziet geen andere oplossing.,"['te verbreken. Hongerstaker', 'al 6', 'We zagen geen']","['te sussen.', 'al tien', 'Hij ziet geen']",8,25,1,"[0.7692307692307693, 0.5714285714285714, 0.46153846153846156]",0.6
seq35-0,large,Noord-Korea is weer begonnen met het versturen van ballonnen met afval naar Zuid-Korea. In en rond Seoul en in de grensstreek werden zondagochtend tientallen ballonnen gevonden.,Noord-Korea is weer begonnen met <extra_id_0> ballonnen met afval naar Zuid-Korea. In en rond Seoul en in de grensstreek werden zondagochtend <extra_id_1>,Noord-Korea is weer begonnen met het transporteren van ballonnen met afval naar Zuid-Korea. In en rond Seoul en in de grensstreek werden zondagochtend,"['het versturen van', 'tientallen ballonnen gevonden.']","['het transporteren van', '']",6,25,1,"[0.38095238095238093, 1.0]",0.69
seq36-0,large,"In de steden duiken cokelabs op in appartementen, garageboxen of zelfs boven een kinderdagverblijf. Midden in de dichtbevolkte wijken, zoals in Rotterdam waar een flat explodeerde.","In de steden duiken <extra_id_0> appartementen, garageboxen of zelfs boven een kinderdagverblijf. Midden in de dichtbevolkte wijken, zoals in Rotterdam <extra_id_1> explodeerde.","In de steden duiken ze op in appartementen, garageboxen of zelfs boven een kinderdagverblijf. Midden in de dichtbevolkte wijken, zoals in Rotterdam waar de sloop explodeerde.","['cokelabs op in', 'waar een flat']","['ze op in', 'waar de sloop']",6,25,1,"[0.5, 0.46153846153846156]",0.48
seq37-0,large,Eerder deze maand kondigde French Gates aan dat ze de Bill & Melinda Gates Foundation (BMGF) ging verlaten.,Eerder deze <extra_id_0> aan dat ze de Bill & Melinda Gates Foundation (BMGF) ging verlaten.,Eerder deze week kondigde ze aan dat ze de Bill & Melinda Gates Foundation (BMGF) ging verlaten.,['maand kondigde French Gates'],['week kondigde ze'],4,25,1,[0.5925925925925926],0.59
seq38-0,large,"Stoelen, banken, pallets, fietsen  de barricades die zijn opgeworpen door de demonstranten die het universiteitsgebouw in de Amsterdamse binnenstad hebben bezet, blijken weinig partij voor de ME.","<extra_id_0> fietsen de barricades die zijn opgeworpen door de demonstranten <extra_id_1> de Amsterdamse binnenstad hebben bezet, blijken weinig partij voor de ME.","die fietsen de barricades die zijn opgeworpen door de demonstranten die de Amsterdamse binnenstad hebben bezet, blijken weinig partij voor de ME.","['Stoelen', 'banken', 'pallets,', 'die het universiteitsgebouw in']","['die', 'die']",7,25,1,"[0.8571428571428571, 0.8333333333333334]",0.85
seq39-0,large,"Wonen in een comfortabel verwarmd huis van steen met een pannendak: dat was voor het gros van de mensen in het verleden een utopie. Het zag er wellicht romantisch uit zon lieflijk huisje, maar er werd bittere armoede geleden.","Wonen in een comfortabel verwarmd huis van steen <extra_id_0> was voor het gros van de mensen in het verleden een utopie. Het zag er wellicht <extra_id_1> lieflijk huisje, maar <extra_id_2> armoede geleden.","Wonen in een comfortabel verwarmd huis van steen en riet was voor het gros van de mensen in het verleden een utopie. Het zag er wellicht uit als een lieflijk huisje, maar het is armoede geleden.","['met een pannendak: dat', 'romantisch uit zon', 'er werd bittere']","['en riet', 'uit als een', 'het is']",10,25,1,"[0.7727272727272727, 0.7777777777777778, 0.8]",0.78
seq40-0,large,"Griekenland stuurt asielzoekers die al aan land zijn terug de zee op en laat hen achter in rubberbootjes, hebben ngos en journalisten gedocumenteerd.",Griekenland stuurt asielzoekers die al aan land zijn terug <extra_id_0> en laat hen achter in <extra_id_1> en journalisten gedocumenteerd.,Griekenland stuurt asielzoekers die al aan land zijn terug en laat hen achter in gereza. Από bloggers en journalisten gedocumenteerd.,"['de zee op', 'rubberbootjes', 'hebben ngos']","['', 'gereza. Από bloggers']",6,25,1,"[1.0, 0.75]",0.88
seq41-0,large,De elfde editie van de Willem IV Rally was een groot succes. Dat meldt Arne Verwoert van de organisatie. Dit jaar is er ruim 11.500 euro opgehaald voor het Ronald McDonald Huis Sophia Rotterdam.,De elfde editie van <extra_id_0> IV Rally was een groot succes. Dat meldt Arne Verwoert van de organisatie. Dit jaar is <extra_id_1> euro <extra_id_2> Ronald McDonald Huis Sophia Rotterdam.,De elfde editie van de IV Rally was een groot succes. Dat meldt Arne Verwoert van de organisatie. Dit jaar is een euro beschikbaar voor Ronald McDonald Huis Sophia Rotterdam.,"['de Willem', 'er ruim 11.500', 'opgehaald voor het']","['de', 'een', 'beschikbaar voor']",8,25,1,"[0.7777777777777778, 0.9285714285714286, 0.7222222222222222]",0.81
seq42-0,large,Een groep hardnekkige verslaafden heeft het toiletgebouw in een Utrechts park gekaapt en daar hun eigen drugshol ingericht. Ze omzeilen zo ongestoord en onbestraft het verbod om drugs op straat te gebruiken.,Een groep hardnekkige verslaafden heeft het toiletgebouw in een Utrechts park gekaapt en daar hun eigen drugshol <extra_id_0> zo <extra_id_1> onbestraft het verbod <extra_id_2> straat te gebruiken.,"Een groep hardnekkige verslaafden heeft het toiletgebouw in een Utrechts park gekaapt en daar hun eigen drugshol gebouwd, zo onbestraft het verbod om toiletten op straat te gebruiken.","['ingericht. Ze omzeilen', 'ongestoord en', 'om drugs op']","['gebouwd,', '', 'om toiletten op']",8,25,1,"[0.8636363636363636, 1.0, 0.6]",0.82
seq43-0,large,Cees Dekker | hoogleraar biofysica Hoe is het leven ontstaan? Synthetische cellen maken dat inzichtelijk. Als je zoiets zelf bouwt ga je begrijpen hoe het werkt.,Cees Dekker | hoogleraar biofysica Hoe is het leven ontstaan? Synthetische <extra_id_0> inzichtelijk. Als je zoiets <extra_id_1> je begrijpen hoe het werkt.,"Cees Dekker | hoogleraar biofysica Hoe is het leven ontstaan? Synthetische processen maken dit inzichtelijk. Als je zoiets weet, kun je begrijpen hoe het werkt.","['cellen maken dat', 'zelf bouwt ga']","['processen maken dit', 'weet, kun']",6,25,1,"[0.3157894736842105, 0.8461538461538461]",0.58
seq44-0,large,De herdenking van de landing van de geallieerden in Normandi roept vragen op over waar het Westen anno 2024 staat.,De herdenking van <extra_id_0> de geallieerden in <extra_id_1> vragen op over waar het Westen anno 2024 staat.,De herdenking van de aanval van de geallieerden in 1944 roept vragen op over waar het Westen anno 2024 staat.,"['de landing van', 'Normandi roept']","['de aanval van', '1944 roept']",5,25,1,"[0.35714285714285715, 0.5714285714285714]",0.46
seq45-0,large,Politiek verslaggever Hans van Soest schrijft wekelijks over Haagse zaken die ons allemaal aangaan. In deze aflevering: Nog altijd is er geen regeling voor zware beroepen.,Politiek verslaggever Hans van Soest schrijft wekelijks over Haagse zaken die ons allemaal aangaan. In deze <extra_id_0> is er geen regeling <extra_id_1>,Politiek verslaggever Hans van Soest schrijft wekelijks over Haagse zaken die ons allemaal aangaan. In deze zaak is er geen regeling voor..,"['aflevering: Nog altijd', 'voor zware beroepen.']","['zaak', 'voor..']",6,25,1,"[0.9545454545454546, 0.75]",0.85
seq46-0,large,Na eerdere problemen rond de vergunning mag de bouw van een boorplatform in de Noordzee worden hervat. Milieuorganisaties hadden een rechtszaak aangespannen om de bouw tegen te houden.,Na eerdere problemen rond de <extra_id_0> van een boorplatform <extra_id_1> worden hervat. Milieuorganisaties hadden een rechtszaak aangespannen om de bouw tegen te houden.,Na eerdere problemen rond de bouw van een boorplatform moet de bouw worden hervat. Milieuorganisaties hadden een rechtszaak aangespannen om de bouw tegen te houden.,"['vergunning mag de bouw', 'in de Noordzee']","['bouw', 'moet de bouw']",7,25,1,"[0.8181818181818182, 0.7857142857142857]",0.8
seq47-0,large,Daan en het ongelijk van de rommelmarktheks Uren samen spelen is verruild voor me-time op eigen kamers. Daan Rot schrijft in weekendmagazine Mezza wekelijks over zijn persoonlijk leven,Daan en het ongelijk van de rommelmarktheks Uren samen spelen is verruild voor me-time op eigen kamers. Daan Rot schrijft <extra_id_0> wekelijks <extra_id_1>,Daan en het ongelijk van de rommelmarktheks Uren samen spelen is verruild voor me-time op eigen kamers. Daan Rot schrijft een wekelijks columnsboek.,"['in weekendmagazine Mezza', 'over zijn persoonlijk leven']","['een', 'columnsboek.']",7,25,1,"[0.875, 0.8518518518518519]",0.86
seq48-0,large,Inwoners van het Friese Waadhoeke hebben tot maandochtend moeten wachten op de verkiezingsuitslag van de Europese verkiezingen. Die lag veilig opgeborgen in een kluis in het gemeentehuis waar in het weekend een tijdslot op zit.,Inwoners van het Friese Waadhoeke hebben tot maandochtend moeten <extra_id_0> verkiezingsuitslag van de Europese verkiezingen. Die lag veilig opgeborgen in een kluis in het gemeentehuis <extra_id_1> weekend <extra_id_2> zit.,Inwoners van het Friese Waadhoeke hebben tot maandochtend moeten wachten op de verkiezingsuitslag van de Europese verkiezingen. Die lag veilig opgeborgen in een kluis in het gemeentehuis waar het hele weekend een wachtkamer zit.,"['wachten op de', 'waar in het', 'een tijdslot op']","['wachten op de', 'waar het hele', 'een wachtkamer']",9,25,1,"[0.0, 0.38461538461538464, 0.7333333333333333]",0.37
seq49-0,large,Een beruchte hackersgroep stelt gevoelige informatie van in totaal 560 miljoen klanten van Ticketmaster te hebben gestolen. De groep eist omgerekend zon 460 duizend euro losgeld van het Amerikaanse kaartverkoopbedrijf.,Een beruchte hackersgroep stelt gevoelige informatie van in totaal 560 <extra_id_0> Ticketmaster te hebben gestolen. De groep eist omgerekend zon <extra_id_1> losgeld <extra_id_2> Amerikaanse kaartverkoopbedrijf.,Een beruchte hackersgroep stelt gevoelige informatie van in totaal 560 medewerkers van Ticketmaster te hebben gestolen. De groep eist omgerekend zon miljarden dollar losgeld op het Amerikaanse kaartverkoopbedrijf.,"['miljoen klanten van', '460 duizend euro', 'van het']","['medewerkers van', 'miljarden dollar', 'op het']",8,25,1,"[0.631578947368421, 0.875, 0.42857142857142855]",0.65
seq50-0,large,"Honderden paginas aan ambtelijk commentaar op het Hoofdlijnenakkoord van PVV, VVD, NSC en BBB zijn vrijgegeven. Er zijn grote vraagtekens op allerlei terreinen, van het buitenlandbeleid en defensie tot landbouw en sociale zekerheid.","Honderden paginas aan ambtelijk commentaar op het Hoofdlijnenakkoord <extra_id_0> NSC en BBB zijn <extra_id_1> grote <extra_id_2> allerlei terreinen, van het buitenlandbeleid en defensie tot landbouw en sociale zekerheid.","Honderden paginas aan ambtelijk commentaar op het Hoofdlijnenakkoord tussen NSC en BBB zijn gebaseerd op grote afspraken op allerlei terreinen, van het buitenlandbeleid en defensie tot landbouw en sociale zekerheid.","['van PVV', 'VVD,', 'vrijgegeven. Er zijn', 'vraagtekens op']","['tussen', 'gebaseerd op', 'afspraken op']",8,25,1,"[1.0, 1.0, 0.85]",0.95
seq51-0,large,"Naar aanleiding van de grote hoeveelheid pfas in eieren rond de fabriek van Chemours in Dordrecht, start het RIVM een nieuw onderzoek.",Naar aanleiding van de grote hoeveelheid pfas in eieren rond de fabriek van <extra_id_0> start het RIVM <extra_id_1>,Naar aanleiding van de grote hoeveelheid pfas in eieren rond de fabriek van Tesla start het RIVM een onderzoek.,"['Chemours in Dordrecht,', 'een nieuw onderzoek.']","['Tesla', 'onderzoek.']",6,25,1,"[0.9090909090909091, 0.5]",0.7
seq52-0,large,De gemeente Voorne aan Zee wil dat er over de huisvesting van arbeidsmigranten goede afspraken komen.,De gemeente Voorne aan Zee wil <extra_id_0> huisvesting van arbeidsmigranten goede afspraken komen.,De gemeente Voorne aan Zee wil met de huisvesting van arbeidsmigranten goede afspraken komen.,['dat er over de'],['met de'],4,25,1,[0.7142857142857143],0.71
seq53-0,large,Aan het veluweplein in Den Haag zijn zondagochtend drie personen aangehouden na een crash met een gesloten motor. De kruising was langere tijd afgesloten vanwege politieonderzoek.,Aan het veluweplein in Den Haag zijn zondagochtend drie personen aangehouden na een crash <extra_id_0> motor. De kruising was <extra_id_1> vanwege politieonderzoek.,Aan het veluweplein in Den Haag zijn zondagochtend drie personen aangehouden na een crash met een motor. De kruising was afgesloten vanwege politieonderzoek.,"['met een gesloten', 'langere tijd afgesloten']","['met een', 'afgesloten']",6,25,1,"[0.5625, 0.5652173913043478]",0.56
seq54-0,large,"Door middel van misleiding kunnen legers zich groter maken dan ze zijn. Het concept was bij het Westen wat uit de gratie geraakt, maar is door de oorlog in Oekrane weer terug.","Door middel van misleiding kunnen legers zich groter maken dan ze <extra_id_0> concept was bij <extra_id_1> uit de gratie geraakt, maar <extra_id_2> oorlog in Oekrane weer terug.","Door middel van misleiding kunnen legers zich groter maken dan ze zijn. Dit concept was bij uit de gratie geraakt, maar kwam na de oorlog in Oekrane weer terug.","['zijn. Het', 'het Westen wat', 'is door de']","['zijn. Dit', '', 'kwam na de']",8,25,1,"[0.2222222222222222, 1.0, 0.7]",0.64
seq55-0,large,"Eerder deze maand kondigde French Gates aan dat ze de Bill & Melinda Gates Foundation (BMGF) ging verlaten. Ze zei al dat ze actief wilde blijven als filantroop, maar dat ze later zou aankondigen op welke manier.",Eerder deze maand kondigde French Gates aan dat ze de Bill & Melinda Gates Foundation (BMGF) ging <extra_id_0> al dat ze actief wilde <extra_id_1> maar dat ze later zou aankondigen <extra_id_2>,Eerder deze maand kondigde French Gates aan dat ze de Bill & Melinda Gates Foundation (BMGF) ging verlaten. Ze zei al dat ze actief wilde worden maar dat ze later zou aankondigen,"['verlaten. Ze zei', 'blijven als filantroop,', 'op welke manier.']","['verlaten. Ze zei', 'worden', '']",9,25,1,"[0.0, 0.9130434782608695, 1.0]",0.64
seq56-0,large,Een groep hardnekkige verslaafden heeft het toiletgebouw in een Utrechts park gekaapt en daar hun eigen drugshol ingericht. Ze omzeilen zo ongestoord en onbestraft het verbod om drugs op straat te gebruiken. Normale bezoekers van het park worden door de verslaafden geweerd bij het toilet.,Een groep hardnekkige verslaafden heeft het toiletgebouw in een Utrechts park gekaapt en daar <extra_id_0> ingericht. Ze omzeilen zo ongestoord en onbestraft het verbod om <extra_id_1> te <extra_id_2> van <extra_id_3> worden door de verslaafden geweerd bij het toilet.,Een groep hardnekkige verslaafden heeft het toiletgebouw in een Utrechts park gekaapt en daar een nieuwe ingericht. Ze omzeilen zo ongestoord en onbestraft het verbod om alcohol te gebruiken. De regels van de inrichting worden door de verslaafden geweerd bij het toilet.,"['hun eigen drugshol', 'drugs op straat', 'gebruiken. Normale bezoekers', 'het park']","['een nieuwe', 'alcohol', 'gebruiken. De regels', 'de inrichting']",11,25,1,"[0.7222222222222222, 0.9333333333333333, 0.42857142857142855, 0.8461538461538461]",0.73
seq57-0,large,"Door middel van misleiding kunnen legers zich groter maken dan ze zijn. Het concept was bij het Westen wat uit de gratie geraakt, maar is door de oorlog in Oekrane weer terug.","Door middel van misleiding kunnen legers zich groter maken dan ze zijn. Het concept was bij het <extra_id_0> de gratie geraakt, <extra_id_1> de oorlog in <extra_id_2> terug.","Door middel van misleiding kunnen legers zich groter maken dan ze zijn. Het concept was bij het begin uit de gratie geraakt, maar na de oorlog in Vietnam kwam het terug.","['Westen wat uit', 'maar is door', 'Oekrane weer']","['begin uit', 'maar na', 'Vietnam kwam het']",8,25,1,"[0.5714285714285714, 0.5833333333333334, 0.75]",0.63
seq58-0,large,"Een nieuwbouwwoning die in een ochtendje op zijn plek wordt gezet. Met vloerverwarming, badkamer en al. n voor een scherpe prijs.","Een nieuwbouwwoning die in een ochtendje op zijn plek wordt gezet. Met vloerverwarming, <extra_id_0> al. n voor <extra_id_1>","Een nieuwbouwwoning die in een ochtendje op zijn plek wordt gezet. Met vloerverwarming, vloerverwarming en al. n voor","['badkamer en', 'een scherpe prijs.']","['vloerverwarming en', '']",5,25,1,"[0.7222222222222222, 1.0]",0.86
seq59-0,large,"Dubbele seksuele moraal is achterhaald, laat vrouwen ook kinderen hebben bij verschillende mensen","Dubbele seksuele moraal is achterhaald, <extra_id_0> kinderen hebben bij verschillende mensen","Dubbele seksuele moraal is achterhaald, je kunt kinderen hebben bij verschillende mensen",['laat vrouwen ook'],['je kunt'],3,25,1,[0.8125],0.81
seq60-0,large,"Bij het St. Antonius Ziekenhuis in Nieuwegein stortte een deel van een parkeergarage in. Het ongeval doet denken aan een soortgelijk incident in Eindhoven, zeven jaar geleden. Volgens experts schiet het toezicht in de bouwsector tekort: er is een vacum waar het op constructiecontroles aankomt.","Bij het St. Antonius Ziekenhuis <extra_id_0> een deel van een parkeergarage in. Het ongeval doet denken aan een soortgelijk incident in Eindhoven, zeven jaar geleden. Volgens experts schiet <extra_id_1> de <extra_id_2> er is een vacum waar <extra_id_3> aankomt.","Bij het St. Antonius Ziekenhuis schoot een deel van een parkeergarage in. Het ongeval doet denken aan een soortgelijk incident in Eindhoven, zeven jaar geleden. Volgens experts schiet de auto in de bodem en er is een vacum waar de hitte aankomt.","['in Nieuwegein stortte', 'het toezicht in', 'bouwsector tekort:', 'het op constructiecontroles']","['schoot', 'de auto in', 'bodem en', 'de hitte']",11,25,1,"[0.9047619047619048, 0.6666666666666666, 0.7222222222222222, 0.8148148148148148]",0.78
seq61-0,large,"Het Amsterdamse Waternet, verantwoordelijk voor schoon drinkwater n het onderhoud van dijken en gemalen in het grootste waterschap van Nederland, moet worden opgesplitst. Er komen aparte organisaties voor beide taken.","Het Amsterdamse Waternet, verantwoordelijk voor schoon <extra_id_0> onderhoud van dijken en gemalen in het grootste waterschap van Nederland, moet worden <extra_id_1> komen aparte <extra_id_2> taken.","Het Amsterdamse Waternet, verantwoordelijk voor schoon water en onderhoud van dijken en gemalen in het grootste waterschap van Nederland, moet worden gemoderniseerd. Er komen aparte afdelingen met nieuwe taken.","['drinkwater n het', 'opgesplitst. Er', 'organisaties voor beide']","['water en', 'gemoderniseerd. Er', 'afdelingen met nieuwe']",8,25,1,"[0.5625, 0.7222222222222222, 0.782608695652174]",0.69
seq62-0,large,Op de laatste dag van de competitie heeft het door problemen geteisterde Vitesse goed nieuws te melden. Supporters hebben bijna 2 miljoen euro ingezameld met een crowdfundingsactie.,Op de laatste dag van de <extra_id_0> door problemen geteisterde Vitesse goed nieuws te melden. Supporters hebben bijna 2 miljoen <extra_id_1> crowdfundingsactie.,Op de laatste dag van de competitie heeft de door problemen geteisterde Vitesse goed nieuws te melden. Supporters hebben bijna 2 miljoen euro binnen voor de crowdfundingsactie.,"['competitie heeft het', 'euro ingezameld met een']","['competitie heeft de', 'euro binnen voor de']",7,25,1,"[0.1, 0.6086956521739131]",0.35
seq63-0,large,Deze donderdagmiddag neemt de Europese Centrale Bank 99 procent zeker een besluit waar de financile markten al maanden smachtend naar uitkijken: een renteverlaging.,Deze donderdagmiddag <extra_id_0> Centrale Bank 99 procent zeker een besluit waar de financile markten al maanden smachtend naar <extra_id_1>,Deze donderdagmiddag neemt de Centrale Bank 99 procent zeker een besluit waar de financile markten al maanden smachtend naar,"['neemt de Europese', 'uitkijken: een renteverlaging.']","['neemt de', '']",6,25,1,"[0.5294117647058824, 1.0]",0.76
seq64-0,large,"Novak Djokovic heeft zich geplaatst voor de vierde ronde (achtste finales) op Roland Garros, maar de nummer 1 van de wereld moest er lang op wachten. Het publiek ook: de laatste bal vloog pas zondagnacht om 6 minuten over 3 over het net.","Novak Djokovic heeft zich geplaatst <extra_id_0> ronde (achtste finales) op Roland Garros, maar de nummer 1 <extra_id_1> moest er lang op wachten. Het publiek ook: de laatste bal vloog pas zondagnacht om 6 <extra_id_2> over <extra_id_3>","Novak Djokovic heeft zich geplaatst voor de laatste ronde (achtste finales) op Roland Garros, maar de nummer 1 van de wereld moest er lang op wachten. Het publiek ook: de laatste bal vloog pas zondagnacht om 6 uur over de baan.","['voor de vierde', 'van de wereld', 'minuten over 3', 'het net.']","['voor de laatste', 'van de wereld', 'uur', 'baan.']",11,25,1,"[0.4, 0.0, 0.8571428571428571, 0.75]",0.5
seq65-0,large,Een groep hardnekkige verslaafden heeft het toiletgebouw in een Utrechts park gekaapt en daar hun eigen drugshol ingericht. Ze omzeilen zo ongestoord en onbestraft het verbod om drugs op straat te gebruiken. Normale bezoekers van het park worden door de verslaafden geweerd bij het toilet.,Een groep hardnekkige verslaafden heeft het toiletgebouw in een Utrechts park gekaapt <extra_id_0> eigen drugshol ingericht. Ze omzeilen zo ongestoord en onbestraft het verbod om drugs <extra_id_1> te gebruiken. Normale bezoekers van het <extra_id_2> de <extra_id_3> het toilet.,Een groep hardnekkige verslaafden heeft het toiletgebouw in een Utrechts park gekaapt en hun eigen drugshol ingericht. Ze omzeilen zo ongestoord en onbestraft het verbod om drugs in het toilet te gebruiken. Normale bezoekers van het park hebben de toegang tot het toilet.,"['en daar hun', 'op straat', 'park worden door', 'verslaafden geweerd bij']","['en hun', 'in het toilet', 'park hebben', 'toegang tot']",11,25,1,"[0.45454545454545453, 0.7692307692307693, 0.5625, 0.8260869565217391]",0.65
seq66-0,large,"OpenAI, het bedrijf achter ChatGPT, schort een AI-stem op die sterk aan de stem van actrice Scarlett Johansson doet denken. Het bedrijf lijkt iets te veel inspiratie te hebben geput uit de film Her, waarvoor Johansson de stem van computersysteem Samantha insprak.","OpenAI, het bedrijf achter ChatGPT, schort een AI-stem op die sterk aan de stem van actrice Scarlett Johansson doet denken. Het bedrijf lijkt iets te veel inspiratie te <extra_id_0> de film Her, <extra_id_1> van <extra_id_2>","OpenAI, het bedrijf achter ChatGPT, schort een AI-stem op die sterk aan de stem van actrice Scarlett Johansson doet denken. Het bedrijf lijkt iets te veel inspiratie te hebben uit de film Her, die in juli van dit jaar...","['hebben geput uit', 'waarvoor Johansson de stem', 'computersysteem Samantha insprak.']","['hebben uit', 'die in juli', 'jaar...']",10,25,1,"[0.375, 0.8846153846153846, 0.8787878787878788]",0.71
seq67-0,large,"De volgverkeerslichten kunnen persoonlijke gegevens van mensen verzamelen, onder meer via apps op smartphones. De Autoriteit Persoonsgegevens maakt zich zorgen.","De volgverkeerslichten kunnen persoonlijke gegevens van mensen verzamelen, <extra_id_0> apps op smartphones. <extra_id_1> Persoonsgegevens maakt zich zorgen.","De volgverkeerslichten kunnen persoonlijke gegevens van mensen verzamelen, via apps op smartphones. De Autoriteit Persoonsgegevens maakt zich zorgen.","['onder meer via', 'De Autoriteit']","['via', 'De Autoriteit']",5,25,1,"[0.7857142857142857, 0.0]",0.39
seq68-0,large,Miljoenen Afghanen leven onder de armoedegrens. Buitenlandse donoren bieden weinig hulp omdat de Taliban vrouwenrechten drastisch beperkten. Vermindering van de internationale hulp zal dezelfde Afghaanse vrouwen die we hopen te steunen alleen maar meer laten lijden.,<extra_id_0> onder de armoedegrens. Buitenlandse donoren bieden weinig hulp omdat de Taliban vrouwenrechten <extra_id_1> van de internationale hulp zal dezelfde Afghaanse vrouwen die we <extra_id_2> alleen maar meer laten lijden.,leven onder de armoedegrens. Buitenlandse donoren bieden weinig hulp omdat de Taliban vrouwenrechten schenden. Het afbouwen van de internationale hulp zal dezelfde Afghaanse vrouwen die we steunen alleen maar meer laten lijden.,"['Miljoenen Afghanen leven', 'drastisch beperkten. Vermindering', 'hopen te steunen']","['leven', 'schenden. Het afbouwen', 'steunen']",9,25,1,"[0.7916666666666666, 0.7272727272727273, 0.5625]",0.69
seq69-0,large,"Na de dood van de achttienjarige Ryan al Najjar kregen De Telegraaf en Leeuwarder Courant mails namens de vader, waarin de moord werd bekend.","Na de dood van de achttienjarige Ryan al Najjar kregen De Telegraaf <extra_id_0> mails namens de vader, waarin de <extra_id_1>","Na de dood van de achttienjarige Ryan al Najjar kregen De Telegraaf en RTL mails namens de vader, waarin de","['en Leeuwarder Courant', 'moord werd bekend.']","['en RTL', '']",6,25,1,"[0.8571428571428571, 1.0]",0.93
seq70-0,large,"Hoewel Donald Trumps veroordeling uniek is in de geschiedenis, geldt dat niet voor het onderliggende schandaal: een buitenechtelijke affaire.","<extra_id_0> veroordeling uniek is in de geschiedenis, geldt dat niet <extra_id_1> onderliggende schandaal: een buitenechtelijke affaire.","Waar de veroordeling uniek is in de geschiedenis, geldt dat niet voor het onderliggende schandaal: een buitenechtelijke affaire.","['Hoewel Donald Trumps', 'voor het']","['Waar de', 'voor het']",5,25,1,"[0.9, 0.0]",0.45
seq71-0,large,"Het hoofdlijnenakkoord van het kabinet-in-wording begint met een gedicht. Nederland is een prachtig land./ Een land om trots op te zijn. En zo gaat het nog een beetje door, totdat er onverwacht een lange zin volgt.","Het hoofdlijnenakkoord van het kabinet-in-wording begint met een gedicht. Nederland is een prachtig <extra_id_0> om trots op <extra_id_1> zo gaat <extra_id_2> beetje door, totdat er onverwacht een lange zin volgt.","Het hoofdlijnenakkoord van het kabinet-in-wording begint met een gedicht. Nederland is een prachtig land om trots op te zijn. En zo gaat het een beetje door, totdat er onverwacht een lange zin volgt.","['land./ Een land', 'te zijn. En', 'het nog een']","['land', 'te zijn. En', 'het een']",9,25,1,"[0.7333333333333333, 0.0, 0.36363636363636365]",0.37
seq72-0,large,Tijdens de eerste twee dagen van festival Best Kept Secret was het de New Yorkse St.,Tijdens de eerste twee dagen <extra_id_0> Secret was het de New Yorkse St.,Tijdens de eerste twee dagen van het seizoen van Victoria's Secret was het de New Yorkse St.,['van festival Best Kept'],"[""van het seizoen van Victoria's""]",4,25,1,[0.6333333333333333],0.63
seq73-0,large,Verwachtingen voor een staakt-het-vuren zijn dit weekend flink getemperd. Ultrarechtse leden van de Isralische regering dreigen met opstappen als Isral instemt met voorstel van de VS.,Verwachtingen voor een staakt-het-vuren zijn dit weekend flink getemperd. Ultrarechtse leden van <extra_id_0> dreigen met opstappen <extra_id_1> met voorstel van de VS.,Verwachtingen voor een staakt-het-vuren zijn dit weekend flink getemperd. Ultrarechtse leden van de parlementaire commissie dreigen met opstappen en gaan in gesprek met voorstel van de VS.,"['de Isralische regering', 'als Isral instemt']","['de parlementaire commissie', 'en gaan in gesprek']",6,25,1,"[0.7307692307692307, 0.7777777777777778]",0.75
seq74-0,large,Een beetje geluk in het casino en een loterij kan iedereen overkomen natuurlijk. Maar Cayetano Canto lijkt zijn hand te hebben overspeeld. In achttien maanden won hij 260 keer in het casino en vijf keer de lokale loterij. Genoeg reden voor de Argentijnse politie om de oud-burgemeester mogelijk te vervolgen.,Een beetje geluk in het casino en een loterij kan iedereen overkomen natuurlijk. Maar Cayetano Canto lijkt zijn hand <extra_id_0> In achttien maanden won hij 260 keer in <extra_id_1> vijf keer de lokale loterij. Genoeg reden voor <extra_id_2> om de <extra_id_3> vervolgen.,Een beetje geluk in het casino en een loterij kan iedereen overkomen natuurlijk. Maar Cayetano Canto lijkt zijn hand niet te verliezen. In achttien maanden won hij 260 keer in het casino en vijf keer de lokale loterij. Genoeg reden voor hem om de weg te vervolgen.,"['te hebben overspeeld.', 'het casino en', 'de Argentijnse politie', 'oud-burgemeester mogelijk te']","['niet te verliezen.', 'het casino en', 'hem', 'weg te']",12,25,1,"[0.6666666666666666, 0.0, 0.9545454545454546, 0.8214285714285714]",0.61
seq75-0,large,Het Belgische cordon sanitaire staat al meer dan dertig jaar als een huis. Is dat bij de komende verkiezingen  de extreem-rechtse partij Vlaams Belang is grootste in de peilingen  nog wel vol te houden?,Het <extra_id_0> sanitaire staat al meer dan dertig <extra_id_1> huis. Is dat bij de komende verkiezingen de extreem-rechtse partij <extra_id_2> grootste in de peilingen nog wel vol te houden?,Het nieuwe sanitaire staat al meer dan dertig jaar in huis. Is dat bij de komende verkiezingen de extreem-rechtse partij als grootste in de peilingen nog wel vol te houden?,"['Belgische cordon', 'jaar als een', 'Vlaams Belang is']","['nieuwe', 'jaar in', 'als']",8,25,1,"[0.875, 0.5, 0.8125]",0.73
seq76-0,large,"Fans van het Nederlands Elftal hopen vurig dat Nederland Europees kampioen voetbal wordt, maar vergeleken met fans in andere landen geven we er liever niet al te veel geld aan uit.","Fans van het Nederlands Elftal hopen <extra_id_0> Europees kampioen voetbal wordt, maar vergeleken met fans in <extra_id_1> geven <extra_id_2> niet al te veel geld aan uit.","Fans van het Nederlands Elftal hopen dat Nederland Europees kampioen voetbal wordt, maar vergeleken met fans in andere landen geven ze er niet al te veel geld aan uit.","['vurig dat Nederland', 'andere landen', 'we er liever']","['dat Nederland', 'andere landen', 'ze er']",8,25,1,"[0.3157894736842105, 0.0, 0.6666666666666666]",0.33
seq77-0,large,Televisieregisseur Rudolf Spoor is overleden. Voor de NOS regisseerde Spoor decennialang grote evenementen.,Televisieregisseur Rudolf Spoor is overleden. Voor de NOS regisseerde Spoor <extra_id_0>,Televisieregisseur Rudolf Spoor is overleden. Voor de NOS regisseerde Spoor de...,['decennialang grote evenementen.'],['de...'],3,25,1,[0.9032258064516129],0.9
seq78-0,large,"De Nederlandsche Bank (DNB) hoeft geen vergoeding te betalen aan een man die beweert dat zijn bankbiljetten, met een totaalwaarde van 6.500 euro, in de oven beschadigd zijn geraakt.","De Nederlandsche <extra_id_0> vergoeding te betalen aan een man die beweert dat zijn bankbiljetten, met een totaalwaarde van 6.500 euro, in de oven <extra_id_1>","De Nederlandsche Bank een vergoeding te betalen aan een man die beweert dat zijn bankbiljetten, met een totaalwaarde van 6.500 euro, in de oven liggen.","['Bank (DNB) hoeft geen', 'beschadigd zijn geraakt.']","['Bank een', 'liggen.']",7,25,1,"[0.6190476190476191, 0.7916666666666666]",0.71
seq79-0,large,"De Amerikaanse regering start een aantal mededingingsonderzoeken naar OpenAI, Nvidia en Microsoft vanwege mogelijk te vergaande dominantie van de markt van kunstmatige intelligentie (AI).","De Amerikaanse regering start een aantal mededingingsonderzoeken naar OpenAI, Nvidia en Microsoft vanwege mogelijk te vergaande dominantie <extra_id_0> van <extra_id_1>","De Amerikaanse regering start een aantal mededingingsonderzoeken naar OpenAI, Nvidia en Microsoft vanwege mogelijk te vergaande dominantie van de makers van","['van de markt', 'kunstmatige intelligentie (AI).']","['van de makers', '']",6,25,1,"[0.3076923076923077, 1.0]",0.65
seq80-0,large,Voor het eerst is een voormalig Amerikaans president strafrechtelijk veroordeeld. Beide zijden in de gepolariseerde VS zien electorale kansen na het vonnis.,Voor het eerst is een voormalig Amerikaans president strafrechtelijk veroordeeld. Beide zijden <extra_id_0> VS zien <extra_id_1> het vonnis.,Voor het eerst is een voormalig Amerikaans president strafrechtelijk veroordeeld. Beide zijden van de VS zien het goed met het vonnis.,"['in de gepolariseerde', 'electorale kansen na']","['van de', 'het goed met']",6,25,1,"[0.85, 0.8]",0.82
seq81-0,large,"Was aan de lijn is een levend kunstwerk. De was heeft een vaste volgorde, groot bij groot, soort bij soort, sok bij sok, kleur bij kleur. Daarbinnen kan alles. Een jurk in de wind heeft het drukdrukdruk, een overall spartelt of hij wordt gekieteld, een laken speelt spookje. Wasgoed heeft lust tot leven. Geen wonder dat het in de kunsten wemelt van het wasgoed. Bij Brueghel ligt het slaafs op de bleek, bij Breitner frummelt het aan de wind.","Was aan de lijn is een levend kunstwerk. De was heeft een vaste volgorde, groot bij groot, soort bij soort, sok bij sok, kleur bij kleur. Daarbinnen <extra_id_0> jurk in de wind heeft <extra_id_1> een overall spartelt of hij wordt <extra_id_2> speelt spookje. Wasgoed heeft lust tot leven. <extra_id_3> het in de kunsten wemelt van het wasgoed. Bij <extra_id_4> slaafs op <extra_id_5> Breitner frummelt het <extra_id_6>","Was aan de lijn is een levend kunstwerk. De was heeft een vaste volgorde, groot bij groot, soort bij soort, sok bij sok, kleur bij kleur. Daarbinnen een jurk in de wind heeft een overall spartelt of hij wordt gewassen, speelt spookje. Wasgoed heeft lust tot leven. Dat het in de kunsten wemelt van het wasgoed. Bij de kunstenaars die slaafs op het wasgoed letten, Breitner frummelt het","['kan alles. Een', 'het drukdrukdruk,', 'gekieteld', 'een laken', 'Geen wonder dat', 'Brueghel ligt het', 'de bleek', 'bij', 'aan de wind.']","['een', '', 'gewassen,', 'Dat', 'de kunstenaars die', 'het wasgoed letten,', '']",20,25,1,"[0.7857142857142857, 1.0, 0.6666666666666666, 0.8888888888888888, 0.6666666666666666, 0.7894736842105263, 1.0]",0.83
seq82-0,large,"Tuinders in Vierpolders eisen een investering van twee ton terug van de gemeente Voorne aan Zee, omdat hun aanvankelijk toegestane stookfabriek later toch niet mocht worden gebouwd. En eigenlijk willen ze nog heel veel meer geld zien.","Tuinders in Vierpolders eisen een investering van twee ton terug van de gemeente Voorne aan Zee, <extra_id_0> toegestane stookfabriek later toch niet mocht worden gebouwd. En eigenlijk willen <extra_id_1> veel <extra_id_2>","Tuinders in Vierpolders eisen een investering van twee ton terug van de gemeente Voorne aan Zee, omdat de toegestane stookfabriek later toch niet mocht worden gebouwd. En eigenlijk willen ze veel meer.","['omdat hun aanvankelijk', 'ze nog heel', 'meer geld zien.']","['omdat de', 'ze', 'meer.']",9,25,1,"[0.6818181818181818, 0.8181818181818182, 0.6666666666666666]",0.72
seq83-0,large,"Een kathedraal, vergelijkbaar met de befaamde Hagia Sophia in Istanboel, moet verrijzen op de Zuidas. Een kerk die Amsterdam tot een van de belangrijkste bedevaartsoorden ter wereld maakt.","Een kathedraal, vergelijkbaar met de befaamde Hagia Sophia in <extra_id_0> op de Zuidas. Een kerk die Amsterdam tot een van <extra_id_1> wereld maakt.","Een kathedraal, vergelijkbaar met de befaamde Hagia Sophia in Istanbul, op de Zuidas. Een kerk die Amsterdam tot een van de beste steden ter wereld maakt.","['Istanboel', 'moet verrijzen', 'de belangrijkste bedevaartsoorden ter']","['Istanbul,', 'de beste steden ter']",7,25,1,"[0.3333333333333333, 0.7368421052631579]",0.54
seq84-0,large,"Er staat geen maat op chipmaker Nvidia. Dankzij de grote vraag naar AI-chips blijft de koers maar stijgen, waarmee het bedrijf nu meer dan 3 biljoen dollar waard is en alleen nog Microsoft voor zich heeft.","Er staat geen maat op chipmaker Nvidia. Dankzij de grote vraag naar <extra_id_0> koers maar stijgen, waarmee het bedrijf nu meer <extra_id_1> dollar waard is <extra_id_2> Microsoft voor zich heeft.","Er staat geen maat op chipmaker Nvidia. Dankzij de grote vraag naar chips blijft de koers maar stijgen, waarmee het bedrijf nu meer dan acht miljard dollar waard is dan Microsoft voor zich heeft.","['AI-chips blijft de', 'dan 3 biljoen', 'en alleen nog']","['chips blijft de', 'dan acht miljard', 'dan']",9,25,1,"[0.16666666666666666, 0.5, 0.8461538461538461]",0.5
seq85-0,large,"De Poolse titelverdediger Iga Swiatek wint voor de derde keer op een rij Roland Garros. Voor de 23-jarige Swiatek, vooraf de grote favoriete voor de eindzege, is het haar vijfde grandslamtitel.","De Poolse titelverdediger Iga Swiatek wint voor de derde keer op een <extra_id_0> Garros. <extra_id_1> Swiatek, vooraf <extra_id_2> voor de eindzege, is het haar vijfde grandslamtitel.","De Poolse titelverdediger Iga Swiatek wint voor de derde keer op een rij Roland Garros. Voor Swiatek, vooraf bekend voor de eindzege, is het haar vijfde grandslamtitel.","['rij Roland', 'Voor de 23-jarige', 'de grote favoriete']","['rij Roland', 'Voor', 'bekend']",8,25,1,"[0.0, 0.7647058823529411, 0.8888888888888888]",0.55
seq86-0,large,Er komt een nieuwe verplichte verzekering tegen arbeidsongeschiktheid voor zelfstandigen. De verzekering gaat 195 euro per maand aan premie kosten. De uitkering is maximaal gelijk aan het minimumloon.,Er komt een nieuwe verplichte <extra_id_0> zelfstandigen. De verzekering gaat 195 euro per maand aan premie kosten. <extra_id_1> maximaal gelijk aan het minimumloon.,Er komt een nieuwe verplichte verzekering voor zelfstandigen. De verzekering gaat 195 euro per maand aan premie kosten. De premie ligt maximaal gelijk aan het minimumloon.,"['verzekering tegen arbeidsongeschiktheid voor', 'De uitkering is']","['verzekering voor', 'De premie ligt']",7,25,1,"[0.6363636363636364, 0.6666666666666666]",0.65
seq87-0,large,"Indexering, koopkracht, recessie... De termen vliegen je de laatste weken om de oren. Maar wat betekent inflatie precies en hoeveel is een modaal inkomen?","Indexering, koopkracht, recessie... De termen vliegen je de laatste weken om de oren. Maar wat betekent inflatie <extra_id_0> is <extra_id_1>","Indexering, koopkracht, recessie... De termen vliegen je de laatste weken om de oren. Maar wat betekent inflatie En wat is inflatie?","['precies en hoeveel', 'een modaal inkomen?']","['En wat', 'inflatie?']",6,25,1,"[0.8888888888888888, 0.7368421052631579]",0.81
seq88-0,large,"Premier Sunak ziet graag de dienstplicht terug, ziet Annemarie Kas. Critici noemen het jarenvijftignostalgie.","Premier Sunak ziet graag de dienstplicht terug, ziet <extra_id_0> het jarenvijftignostalgie.","Premier Sunak ziet graag de dienstplicht terug, ziet in het jarenvijftignostalgie.",['Annemarie Kas. Critici noemen'],['in'],4,25,1,[0.9310344827586207],0.93
seq89-0,large,"Dick Schoof (67) moet leiding geven aan het kabinet dat het strengste asielbeleid ooit belooft. Als voormalig baas van de IND, in een tijd die opvallende parallellen vertoont met nu, weet de beoogde premier als geen ander hoe weerbarstig dat dossier is.",Dick Schoof (67) moet leiding geven aan het kabinet dat het strengste asielbeleid ooit belooft. Als voormalig <extra_id_0> in een tijd die opvallende parallellen vertoont <extra_id_1> de beoogde premier als geen <extra_id_2> dat dossier is.,"Dick Schoof (67) moet leiding geven aan het kabinet dat het strengste asielbeleid ooit belooft. Als voormalig minister in een tijd die opvallende parallellen vertoont met de jaren tachtig, moet Schoof de beoogde premier als geen ander in dat dossier is.","['baas van de IND,', 'met nu', 'weet', 'ander hoe weerbarstig']","['minister', 'met de jaren tachtig, moet Schoof', 'ander in']",10,25,1,"[0.9375, 0.8484848484848485, 0.875]",0.89
seq90-0,large,"Indexering, koopkracht, recessie... De termen vliegen je de laatste weken om de oren. Maar wat betekent inflatie precies en hoeveel is een modaal inkomen?","Indexering, koopkracht, recessie... De termen vliegen je de laatste weken om de oren. Maar wat betekent inflatie <extra_id_0> is <extra_id_1>","Indexering, koopkracht, recessie... De termen vliegen je de laatste weken om de oren. Maar wat betekent inflatie En wat is inflatie?","['precies en hoeveel', 'een modaal inkomen?']","['En wat', 'inflatie?']",6,25,1,"[0.8888888888888888, 0.7368421052631579]",0.81
seq91-0,large,"NRC bespreekt deze weken de eindexamens met deskundigen. Voormalige voetbaltrainer Foppe de Haan, een geboren Fries, boog zich over het havo-examen Fries.","NRC bespreekt deze weken de <extra_id_0> Voormalige voetbaltrainer Foppe de Haan, <extra_id_1> boog zich over het havo-examen Fries.","NRC bespreekt deze weken de Fries. Voormalige voetbaltrainer Foppe de Haan, directeur van de KNVB, boog zich over het havo-examen Fries.","['eindexamens met deskundigen.', 'een geboren Fries,']","['Fries.', 'directeur van de KNVB,']",6,25,1,"[0.8928571428571429, 0.8181818181818182]",0.86
seq92-0,large,"Ik sta op zaterdagmiddag rond 13.00 uur midden op de Amsterdamse Kalverstraat. Het moet een van de drukste plekken van het land zijn, en ik kijk door de lens van de camera van een professional, die allerlei lenzen tevoorschijn kan toveren.",Ik sta op zaterdagmiddag rond 13.00 uur midden op de Amsterdamse Kalverstraat. Het moet een van de drukste plekken <extra_id_0> en ik kijk door de <extra_id_1> camera van een <extra_id_2> lenzen tevoorschijn kan toveren.,Ik sta op zaterdagmiddag rond 13.00 uur midden op de Amsterdamse Kalverstraat. Het moet een van de drukste plekken zijn en ik kijk door de spiegel naar de camera van een meisje dat lenzen tevoorschijn kan toveren.,"['van het land zijn,', 'lens van de', 'professional', 'die allerlei']","['zijn', 'spiegel naar de', 'meisje dat']",10,25,1,"[0.7777777777777778, 0.6, 0.8333333333333334]",0.74
seq93-0,large,"Iedereen was enthousiast over de methode-Laurentien voor de compensatie van toeslagenouders, totdat de uitgekeerde bedragen bekend werden  gemiddeld ruim 120 duizend euro per gedupeerde. Vrijdag moet blijken hoe het verdergaat.","Iedereen was enthousiast over de methode-Laurentien voor <extra_id_0> van toeslagenouders, totdat <extra_id_1> bekend <extra_id_2> 120 duizend euro per gedupeerde. Vrijdag moet blijken hoe het verdergaat.","Iedereen was enthousiast over de methode-Laurentien voor het vinden van toeslagenouders, totdat de rechter bekend maakte dat de kosten waren gestegen tot 120 duizend euro per gedupeerde. Vrijdag moet blijken hoe het verdergaat.","['de compensatie', 'de uitgekeerde bedragen', 'werden gemiddeld ruim']","['het vinden', 'de rechter', 'maakte dat de kosten waren gestegen tot']",8,25,1,"[0.7857142857142857, 0.7391304347826086, 0.8205128205128205]",0.78
seq94-0,large,"Armoedebestrijding loopt vaak stuk op verkeerde aannames van mensen met geld, zegt Tim S Jongers, zelf opgegroeid in armoede.","Armoedebestrijding loopt vaak stuk <extra_id_0> van mensen met geld, zegt Tim S Jongers, zelf <extra_id_1> armoede.","Armoedebestrijding loopt vaak stuk bij de reactie van mensen met geld, zegt Tim S Jongers, zelf werkzaam in armoede.","['op verkeerde aannames', 'opgegroeid in']","['bij de reactie', 'werkzaam in']",5,25,1,"[0.7619047619047619, 0.6923076923076923]",0.73
seq95-0,large,"Na de dood van de achttienjarige Ryan al Najjar kregen De Telegraaf en Leeuwarder Courant mails namens de vader, waarin de moord werd bekend.","Na de dood van <extra_id_0> al Najjar kregen De Telegraaf en Leeuwarder <extra_id_1> de vader, waarin de moord werd bekend.","Na de dood van Mohammed al Najjar kregen De Telegraaf en Leeuwarder Courant een reactie van de vader, waarin de moord werd bekend.","['de achttienjarige Ryan', 'Courant mails namens']","['Mohammed', 'Courant een reactie van']",6,25,1,"[0.8636363636363636, 0.6086956521739131]",0.74
seq96-0,large,"Eieren op de voorruit, afgebroken ruitenwissers, krassen in de lak. Wie vliegt vanaf Rotterdam en gratis parkeert in de wijken dichtbij moet maar afwachten of zijn auto heel blijft.","Eieren op de voorruit, afgebroken ruitenwissers, krassen in de <extra_id_0> vanaf Rotterdam en gratis parkeert <extra_id_1> moet maar afwachten of zijn auto heel blijft.","Eieren op de voorruit, afgebroken ruitenwissers, krassen in de spiegels, vertraging vanaf Rotterdam en gratis parkeert De man moet maar afwachten of zijn auto heel blijft.","['lak. Wie vliegt', 'in de wijken dichtbij']","['spiegels, vertraging', 'De man']",7,25,1,"[0.85, 0.8571428571428571]",0.85
seq97-0,large,"De liberaal-conservatieve Nieuw-Vlaamse Alliantie (N-VA) blijft de grootste partij in het Vlaams Parlement (25,2 procent). Dat melden Belgische media op basis van de helft van de getelde stemmen van de regionale verkiezingen, die vandaag tegelijk met de Europese en landelijke verkiezingen plaatsvonden.","De liberaal-conservatieve Nieuw-Vlaamse Alliantie (N-VA) blijft de grootste partij in het Vlaams Parlement (25,2 procent). Dat melden Belgische media op basis van de <extra_id_0> getelde stemmen <extra_id_1> verkiezingen, die vandaag tegelijk met <extra_id_2> verkiezingen plaatsvonden.","De liberaal-conservatieve Nieuw-Vlaamse Alliantie (N-VA) blijft de grootste partij in het Vlaams Parlement (25,2 procent). Dat melden Belgische media op basis van de eerste getelde stemmen voor de verkiezingen, die vandaag tegelijk met de parlementaire verkiezingen plaatsvonden.","['helft van de', 'van de regionale', 'de Europese en landelijke']","['eerste', 'voor de', 'de parlementaire']",10,25,1,"[0.75, 0.8125, 0.6]",0.72
seq98-0,large,Het Openbaar Ministerie heeft een nieuwe kroongetuige gepresenteerd. Het gaat om de 29-jarige Dominique K. Hij heeft openheid van zaken gegeven over moorden en geweldszaken in Amsterdam en Rotterdam uit 2020 en 2021.,Het Openbaar Ministerie heeft een nieuwe kroongetuige gepresenteerd. Het gaat om <extra_id_0> K. Hij <extra_id_1> zaken gegeven over <extra_id_2> geweldszaken in Amsterdam en Rotterdam uit 2020 en 2021.,Het Openbaar Ministerie heeft een nieuwe kroongetuige gepresenteerd. Het gaat om Willem K. Hij heeft een verklaring in twee zaken gegeven over de geweldszaken in Amsterdam en Rotterdam uit 2020 en 2021.,"['de 29-jarige Dominique', 'heeft openheid van', 'moorden en']","['Willem', 'heeft een verklaring in twee', 'de']",8,25,1,"[0.9090909090909091, 0.6428571428571429, 0.8]",0.78
seq99-0,large,"Schrijven betaalt de hypotheek niet, daarom is Walter van den Berg ook Salesforce Marketing Cloud Developer  een bullshitbaan?","Schrijven betaalt de hypotheek niet, daarom is Walter van den Berg ook Salesforce Marketing <extra_id_0>","Schrijven betaalt de hypotheek niet, daarom is Walter van den Berg ook Salesforce Marketing Chief",['Cloud Developer een bullshitbaan?'],['Chief'],4,25,1,[0.9090909090909091],0.91
